source,source_name,target,target_name,weight
6TrdeNEgbKuBqIToRfdWMY,Everybody Business,501mFwKeLnybf8JO3XL66O,altar,1.0
6TrdeNEgbKuBqIToRfdWMY,Everybody Business,4WghJOMjDpGdlk3b8aJIgy,up at night (feat. justin bieber),1.0
6TrdeNEgbKuBqIToRfdWMY,Everybody Business,4MV4wa3Dke1GMBtk06GMR0,Keep On,1.0
6TrdeNEgbKuBqIToRfdWMY,Everybody Business,0bBgXH6mybXjdngxKF5zBE,Piece Of Mind,1.0
6TrdeNEgbKuBqIToRfdWMY,Everybody Business,1Fraz3CzCuOULnToogIwWW,Bad News,1.0
6TrdeNEgbKuBqIToRfdWMY,Everybody Business,0QUbiLQySWPq5Lh3f7A9bN,Hate the Club (feat. Masego),1.0
6TrdeNEgbKuBqIToRfdWMY,Everybody Business,39jPNpyS33FFAw6xsFvvmG,Personal,1.0
6TrdeNEgbKuBqIToRfdWMY,Everybody Business,0uDdI4fAXCuNhQbmxENdsO,Can I,1.0
6TrdeNEgbKuBqIToRfdWMY,Everybody Business,4k6hX9RKD096K1NCjjJZLc,Footsteps (feat. Musiq Soulchild),1.0
6TrdeNEgbKuBqIToRfdWMY,Everybody Business,0bxPRWprUVpQK0UFcddkrA,Folded,1.0
0Erf8mE7jAm6j94z48dxPx,I’m Her (feat. Kiana Ledé),21nV7Brjy93nQPM98QwIfr,VELUDO MARROM,0.7
0Erf8mE7jAm6j94z48dxPx,I’m Her (feat. Kiana Ledé),0SCIwbS0Q4etwJmDyNjHaQ,Diamond Boy (DTM),0.7
0Erf8mE7jAm6j94z48dxPx,I’m Her (feat. Kiana Ledé),3U3hFkMr0Q90pD24EkE3Pr,BMF,0.7
0Erf8mE7jAm6j94z48dxPx,I’m Her (feat. Kiana Ledé),6Ry9Jqt3riMhgX46T6XwdL,Baby 95,0.7
0Erf8mE7jAm6j94z48dxPx,I’m Her (feat. Kiana Ledé),6HDGusXxkSrxZ7iAKbc6eu,AMAReSÓ,0.7
0Erf8mE7jAm6j94z48dxPx,I’m Her (feat. Kiana Ledé),6YaD8CoJIb0HGulK8n21RZ,Códigos,0.7
0Erf8mE7jAm6j94z48dxPx,I’m Her (feat. Kiana Ledé),28QD38TKusAwVZ89kKlqrj,um amor calmo,0.7
0Erf8mE7jAm6j94z48dxPx,I’m Her (feat. Kiana Ledé),0bxPRWprUVpQK0UFcddkrA,Folded,0.7
0Erf8mE7jAm6j94z48dxPx,I’m Her (feat. Kiana Ledé),2saiiXH63lUebPVEFf0Ysa,CHARME,0.7
0Erf8mE7jAm6j94z48dxPx,I’m Her (feat. Kiana Ledé),2phXJtsC5wgx8eUp1igDCi,Presente,0.7
4jM3c9KLTO9iZPm9A7neiL,Love Language,501mFwKeLnybf8JO3XL66O,altar,1.0
4jM3c9KLTO9iZPm9A7neiL,Love Language,4WghJOMjDpGdlk3b8aJIgy,up at night (feat. justin bieber),1.0
4jM3c9KLTO9iZPm9A7neiL,Love Language,4MV4wa3Dke1GMBtk06GMR0,Keep On,1.0
4jM3c9KLTO9iZPm9A7neiL,Love Language,0bBgXH6mybXjdngxKF5zBE,Piece Of Mind,1.0
4jM3c9KLTO9iZPm9A7neiL,Love Language,1Fraz3CzCuOULnToogIwWW,Bad News,1.0
4jM3c9KLTO9iZPm9A7neiL,Love Language,0QUbiLQySWPq5Lh3f7A9bN,Hate the Club (feat. Masego),1.0
4jM3c9KLTO9iZPm9A7neiL,Love Language,39jPNpyS33FFAw6xsFvvmG,Personal,1.0
4jM3c9KLTO9iZPm9A7neiL,Love Language,0uDdI4fAXCuNhQbmxENdsO,Can I,1.0
4jM3c9KLTO9iZPm9A7neiL,Love Language,4k6hX9RKD096K1NCjjJZLc,Footsteps (feat. Musiq Soulchild),1.0
4jM3c9KLTO9iZPm9A7neiL,Love Language,0bxPRWprUVpQK0UFcddkrA,Folded,1.0
1b0ZeVYPZCDaAk4pT42pxy,Chocolate. (ft. Ari Lennox),0TYhf0MgEj4YJaKwo5c4Km,Wicked Games,1.0
1b0ZeVYPZCDaAk4pT42pxy,Chocolate. (ft. Ari Lennox),1gsYCXkisSnnjBb3qwYZoc,Ur Best Friend (with Kehlani),1.0
1b0ZeVYPZCDaAk4pT42pxy,Chocolate. (ft. Ari Lennox),7hYec1vvRkr9EguGV1IBYH,Promise Me,1.0
1b0ZeVYPZCDaAk4pT42pxy,Chocolate. (ft. Ari Lennox),5ZWbzxXxywmBQI0eHDUmLV,Same Type,1.0
1b0ZeVYPZCDaAk4pT42pxy,Chocolate. (ft. Ari Lennox),4hT5mhLsU88gfHLp4NNLiP,Feel A Way.,1.0
1b0ZeVYPZCDaAk4pT42pxy,Chocolate. (ft. Ari Lennox),1VzRN9cI7H5NWILRuOXvz3,Bitter Bitch - INTROlude,1.0
1b0ZeVYPZCDaAk4pT42pxy,Chocolate. (ft. Ari Lennox),02gFgSPCOx4q306IAji6gt,Damage,1.0
1b0ZeVYPZCDaAk4pT42pxy,Chocolate. (ft. Ari Lennox),4uMvvCwqs046uxyJiFJTT1,Forfeit. (ft. Lucky Daye),1.0
1b0ZeVYPZCDaAk4pT42pxy,Chocolate. (ft. Ari Lennox),3ixt0k3COtat3YWQtoQMmN,Burn It Up,1.0
1b0ZeVYPZCDaAk4pT42pxy,Chocolate. (ft. Ari Lennox),4CDIfDhXDeewj7x0U4AT4i,Natural,1.0
5oruuYKxGXcS0Cm1hpRLup,Cancelled.,0TYhf0MgEj4YJaKwo5c4Km,Wicked Games,1.0
5oruuYKxGXcS0Cm1hpRLup,Cancelled.,1gsYCXkisSnnjBb3qwYZoc,Ur Best Friend (with Kehlani),1.0
5oruuYKxGXcS0Cm1hpRLup,Cancelled.,7hYec1vvRkr9EguGV1IBYH,Promise Me,1.0
5oruuYKxGXcS0Cm1hpRLup,Cancelled.,5ZWbzxXxywmBQI0eHDUmLV,Same Type,1.0
5oruuYKxGXcS0Cm1hpRLup,Cancelled.,4hT5mhLsU88gfHLp4NNLiP,Feel A Way.,1.0
5oruuYKxGXcS0Cm1hpRLup,Cancelled.,1VzRN9cI7H5NWILRuOXvz3,Bitter Bitch - INTROlude,1.0
5oruuYKxGXcS0Cm1hpRLup,Cancelled.,02gFgSPCOx4q306IAji6gt,Damage,1.0
5oruuYKxGXcS0Cm1hpRLup,Cancelled.,4uMvvCwqs046uxyJiFJTT1,Forfeit. (ft. Lucky Daye),1.0
5oruuYKxGXcS0Cm1hpRLup,Cancelled.,3ixt0k3COtat3YWQtoQMmN,Burn It Up,1.0
5oruuYKxGXcS0Cm1hpRLup,Cancelled.,4CDIfDhXDeewj7x0U4AT4i,Natural,1.0
0tkmYNfaEaH9HpR59ApRtE,Nunya (feat. Dom Kennedy),501mFwKeLnybf8JO3XL66O,altar,1.0
0tkmYNfaEaH9HpR59ApRtE,Nunya (feat. Dom Kennedy),4WghJOMjDpGdlk3b8aJIgy,up at night (feat. justin bieber),1.0
0tkmYNfaEaH9HpR59ApRtE,Nunya (feat. Dom Kennedy),4MV4wa3Dke1GMBtk06GMR0,Keep On,1.0
0tkmYNfaEaH9HpR59ApRtE,Nunya (feat. Dom Kennedy),0bBgXH6mybXjdngxKF5zBE,Piece Of Mind,1.0
0tkmYNfaEaH9HpR59ApRtE,Nunya (feat. Dom Kennedy),1Fraz3CzCuOULnToogIwWW,Bad News,1.0
0tkmYNfaEaH9HpR59ApRtE,Nunya (feat. Dom Kennedy),0QUbiLQySWPq5Lh3f7A9bN,Hate the Club (feat. Masego),1.0
0tkmYNfaEaH9HpR59ApRtE,Nunya (feat. Dom Kennedy),39jPNpyS33FFAw6xsFvvmG,Personal,1.0
0tkmYNfaEaH9HpR59ApRtE,Nunya (feat. Dom Kennedy),0uDdI4fAXCuNhQbmxENdsO,Can I,1.0
0tkmYNfaEaH9HpR59ApRtE,Nunya (feat. Dom Kennedy),4k6hX9RKD096K1NCjjJZLc,Footsteps (feat. Musiq Soulchild),1.0
0tkmYNfaEaH9HpR59ApRtE,Nunya (feat. Dom Kennedy),0bxPRWprUVpQK0UFcddkrA,Folded,1.0
501mFwKeLnybf8JO3XL66O,altar,4WghJOMjDpGdlk3b8aJIgy,up at night (feat. justin bieber),1.0
501mFwKeLnybf8JO3XL66O,altar,4MV4wa3Dke1GMBtk06GMR0,Keep On,1.0
501mFwKeLnybf8JO3XL66O,altar,0bBgXH6mybXjdngxKF5zBE,Piece Of Mind,1.0
501mFwKeLnybf8JO3XL66O,altar,1Fraz3CzCuOULnToogIwWW,Bad News,1.0
501mFwKeLnybf8JO3XL66O,altar,0QUbiLQySWPq5Lh3f7A9bN,Hate the Club (feat. Masego),1.0
501mFwKeLnybf8JO3XL66O,altar,39jPNpyS33FFAw6xsFvvmG,Personal,1.0
501mFwKeLnybf8JO3XL66O,altar,0uDdI4fAXCuNhQbmxENdsO,Can I,1.0
501mFwKeLnybf8JO3XL66O,altar,4k6hX9RKD096K1NCjjJZLc,Footsteps (feat. Musiq Soulchild),1.0
501mFwKeLnybf8JO3XL66O,altar,0bxPRWprUVpQK0UFcddkrA,Folded,1.0
12LpEgxl7XLiuvv0PXj1DT,Pimenta,21nV7Brjy93nQPM98QwIfr,VELUDO MARROM,0.7
12LpEgxl7XLiuvv0PXj1DT,Pimenta,0SCIwbS0Q4etwJmDyNjHaQ,Diamond Boy (DTM),0.7
12LpEgxl7XLiuvv0PXj1DT,Pimenta,3U3hFkMr0Q90pD24EkE3Pr,BMF,0.7
12LpEgxl7XLiuvv0PXj1DT,Pimenta,6Ry9Jqt3riMhgX46T6XwdL,Baby 95,0.7
12LpEgxl7XLiuvv0PXj1DT,Pimenta,2saiiXH63lUebPVEFf0Ysa,CHARME,0.7
12LpEgxl7XLiuvv0PXj1DT,Pimenta,6YaD8CoJIb0HGulK8n21RZ,Códigos,0.7
12LpEgxl7XLiuvv0PXj1DT,Pimenta,28QD38TKusAwVZ89kKlqrj,um amor calmo,0.7
12LpEgxl7XLiuvv0PXj1DT,Pimenta,0bxPRWprUVpQK0UFcddkrA,Folded,0.7
12LpEgxl7XLiuvv0PXj1DT,Pimenta,2phXJtsC5wgx8eUp1igDCi,Presente,0.7
12LpEgxl7XLiuvv0PXj1DT,Pimenta,1ymfNLLUGtND2AEe2K0TjF,Eu & Tu!,1.0
24QjawKdGJmsAIVe3EhzGH,F&MU,4WghJOMjDpGdlk3b8aJIgy,up at night (feat. justin bieber),1.0
24QjawKdGJmsAIVe3EhzGH,F&MU,4MV4wa3Dke1GMBtk06GMR0,Keep On,1.0
24QjawKdGJmsAIVe3EhzGH,F&MU,0bBgXH6mybXjdngxKF5zBE,Piece Of Mind,1.0
24QjawKdGJmsAIVe3EhzGH,F&MU,1Fraz3CzCuOULnToogIwWW,Bad News,1.0
24QjawKdGJmsAIVe3EhzGH,F&MU,0QUbiLQySWPq5Lh3f7A9bN,Hate the Club (feat. Masego),1.0
24QjawKdGJmsAIVe3EhzGH,F&MU,39jPNpyS33FFAw6xsFvvmG,Personal,1.0
24QjawKdGJmsAIVe3EhzGH,F&MU,0uDdI4fAXCuNhQbmxENdsO,Can I,1.0
24QjawKdGJmsAIVe3EhzGH,F&MU,4k6hX9RKD096K1NCjjJZLc,Footsteps (feat. Musiq Soulchild),1.0
24QjawKdGJmsAIVe3EhzGH,F&MU,0bxPRWprUVpQK0UFcddkrA,Folded,1.0
0s2SzCYqITp4lKdbxPQoYy,MULHER DO ANO XD,21nV7Brjy93nQPM98QwIfr,VELUDO MARROM,0.7
0s2SzCYqITp4lKdbxPQoYy,MULHER DO ANO XD,0SCIwbS0Q4etwJmDyNjHaQ,Diamond Boy (DTM),0.7
0s2SzCYqITp4lKdbxPQoYy,MULHER DO ANO XD,3U3hFkMr0Q90pD24EkE3Pr,BMF,0.7
0s2SzCYqITp4lKdbxPQoYy,MULHER DO ANO XD,6Ry9Jqt3riMhgX46T6XwdL,Baby 95,0.7
0s2SzCYqITp4lKdbxPQoYy,MULHER DO ANO XD,6HDGusXxkSrxZ7iAKbc6eu,AMAReSÓ,0.7
0s2SzCYqITp4lKdbxPQoYy,MULHER DO ANO XD,6YaD8CoJIb0HGulK8n21RZ,Códigos,0.7
0s2SzCYqITp4lKdbxPQoYy,MULHER DO ANO XD,28QD38TKusAwVZ89kKlqrj,um amor calmo,0.7
0s2SzCYqITp4lKdbxPQoYy,MULHER DO ANO XD,0bxPRWprUVpQK0UFcddkrA,Folded,0.7
0s2SzCYqITp4lKdbxPQoYy,MULHER DO ANO XD,2saiiXH63lUebPVEFf0Ysa,CHARME,0.7
0s2SzCYqITp4lKdbxPQoYy,MULHER DO ANO XD,2phXJtsC5wgx8eUp1igDCi,Presente,0.7
3c61X2aLcCAVMMQV1YzSfH,Sinal,21nV7Brjy93nQPM98QwIfr,VELUDO MARROM,0.7
3c61X2aLcCAVMMQV1YzSfH,Sinal,0SCIwbS0Q4etwJmDyNjHaQ,Diamond Boy (DTM),0.7
3c61X2aLcCAVMMQV1YzSfH,Sinal,3U3hFkMr0Q90pD24EkE3Pr,BMF,0.7
3c61X2aLcCAVMMQV1YzSfH,Sinal,6Ry9Jqt3riMhgX46T6XwdL,Baby 95,0.7
3c61X2aLcCAVMMQV1YzSfH,Sinal,6HDGusXxkSrxZ7iAKbc6eu,AMAReSÓ,0.7
3c61X2aLcCAVMMQV1YzSfH,Sinal,6YaD8CoJIb0HGulK8n21RZ,Códigos,0.7
3c61X2aLcCAVMMQV1YzSfH,Sinal,28QD38TKusAwVZ89kKlqrj,um amor calmo,0.7
3c61X2aLcCAVMMQV1YzSfH,Sinal,0bxPRWprUVpQK0UFcddkrA,Folded,0.7
3c61X2aLcCAVMMQV1YzSfH,Sinal,2saiiXH63lUebPVEFf0Ysa,CHARME,0.7
3c61X2aLcCAVMMQV1YzSfH,Sinal,2phXJtsC5wgx8eUp1igDCi,Presente,0.7
2GlATHCDbLW7xq5BE0Bz5g,Shot Clock,2EHaJElgdxeZG2bzCMVmMN,Trying,1.0
2GlATHCDbLW7xq5BE0Bz5g,Shot Clock,0SbOpoBzBBCqWIcvo94JeD,Naked - Bonus Track,1.0
2GlATHCDbLW7xq5BE0Bz5g,Shot Clock,3pdUv2fviypOdl1PTHDunH,This Is,1.0
2GlATHCDbLW7xq5BE0Bz5g,Shot Clock,6CTWathupIiDs7U4InHnDA,Trip,1.0
2GlATHCDbLW7xq5BE0Bz5g,Shot Clock,73mtUJm1RDa0SEW3KL4ePU,Fallen Angel,1.0
2GlATHCDbLW7xq5BE0Bz5g,Shot Clock,0TYsPcmqWOtPdaEXmHvNSE,Break My Heart,1.0
2GlATHCDbLW7xq5BE0Bz5g,Shot Clock,0cNc0bSxmRVhAUJVYEd2Qk,Leave You Alone,1.0
2GlATHCDbLW7xq5BE0Bz5g,Shot Clock,2xW3wiXtNHUsENQLrHf4X0,Feels Like,1.0
2GlATHCDbLW7xq5BE0Bz5g,Shot Clock,6w93UfN5MeXXQTrVIf5V6x,How (feat. Roddy Ricch),1.0
2GlATHCDbLW7xq5BE0Bz5g,Shot Clock,1liiwnCXoqwPVrC0LWxaYq,Hearts On Deck,1.0
5z7akMt6QJ24YvfVhWxVGU,Mais Tarde,21nV7Brjy93nQPM98QwIfr,VELUDO MARROM,0.7
5z7akMt6QJ24YvfVhWxVGU,Mais Tarde,0SCIwbS0Q4etwJmDyNjHaQ,Diamond Boy (DTM),0.7
5z7akMt6QJ24YvfVhWxVGU,Mais Tarde,3U3hFkMr0Q90pD24EkE3Pr,BMF,0.7
5z7akMt6QJ24YvfVhWxVGU,Mais Tarde,6Ry9Jqt3riMhgX46T6XwdL,Baby 95,0.7
5z7akMt6QJ24YvfVhWxVGU,Mais Tarde,6HDGusXxkSrxZ7iAKbc6eu,AMAReSÓ,0.7
5z7akMt6QJ24YvfVhWxVGU,Mais Tarde,6YaD8CoJIb0HGulK8n21RZ,Códigos,0.7
5z7akMt6QJ24YvfVhWxVGU,Mais Tarde,28QD38TKusAwVZ89kKlqrj,um amor calmo,0.7
5z7akMt6QJ24YvfVhWxVGU,Mais Tarde,0bxPRWprUVpQK0UFcddkrA,Folded,0.7
5z7akMt6QJ24YvfVhWxVGU,Mais Tarde,2saiiXH63lUebPVEFf0Ysa,CHARME,0.7
5z7akMt6QJ24YvfVhWxVGU,Mais Tarde,2phXJtsC5wgx8eUp1igDCi,Presente,0.7
0bfyJd1OWcUUDcexrOn9bz,Sem Filtro,21nV7Brjy93nQPM98QwIfr,VELUDO MARROM,0.7
0bfyJd1OWcUUDcexrOn9bz,Sem Filtro,0SCIwbS0Q4etwJmDyNjHaQ,Diamond Boy (DTM),0.7
0bfyJd1OWcUUDcexrOn9bz,Sem Filtro,3U3hFkMr0Q90pD24EkE3Pr,BMF,0.7
0bfyJd1OWcUUDcexrOn9bz,Sem Filtro,6Ry9Jqt3riMhgX46T6XwdL,Baby 95,0.7
0bfyJd1OWcUUDcexrOn9bz,Sem Filtro,2saiiXH63lUebPVEFf0Ysa,CHARME,0.7
0bfyJd1OWcUUDcexrOn9bz,Sem Filtro,2phXJtsC5wgx8eUp1igDCi,Presente,0.7
0bfyJd1OWcUUDcexrOn9bz,Sem Filtro,28QD38TKusAwVZ89kKlqrj,um amor calmo,0.7
0bfyJd1OWcUUDcexrOn9bz,Sem Filtro,0bxPRWprUVpQK0UFcddkrA,Folded,0.7
0bfyJd1OWcUUDcexrOn9bz,Sem Filtro,647I6AeX6QTUWrW3mQkPCm,Fé,1.0
0bfyJd1OWcUUDcexrOn9bz,Sem Filtro,65PZ21wSvvgO1nLRcZ2FdF,Mó Paz (feat. Ivandro),1.0
4MV4wa3Dke1GMBtk06GMR0,Keep On,4WghJOMjDpGdlk3b8aJIgy,up at night (feat. justin bieber),1.0
4MV4wa3Dke1GMBtk06GMR0,Keep On,0bBgXH6mybXjdngxKF5zBE,Piece Of Mind,1.0
4MV4wa3Dke1GMBtk06GMR0,Keep On,1Fraz3CzCuOULnToogIwWW,Bad News,1.0
4MV4wa3Dke1GMBtk06GMR0,Keep On,0QUbiLQySWPq5Lh3f7A9bN,Hate the Club (feat. Masego),1.0
4MV4wa3Dke1GMBtk06GMR0,Keep On,39jPNpyS33FFAw6xsFvvmG,Personal,1.0
4MV4wa3Dke1GMBtk06GMR0,Keep On,0uDdI4fAXCuNhQbmxENdsO,Can I,1.0
4MV4wa3Dke1GMBtk06GMR0,Keep On,4k6hX9RKD096K1NCjjJZLc,Footsteps (feat. Musiq Soulchild),1.0
4MV4wa3Dke1GMBtk06GMR0,Keep On,0bxPRWprUVpQK0UFcddkrA,Folded,1.0
0bBgXH6mybXjdngxKF5zBE,Piece Of Mind,4WghJOMjDpGdlk3b8aJIgy,up at night (feat. justin bieber),1.0
0bBgXH6mybXjdngxKF5zBE,Piece Of Mind,1Fraz3CzCuOULnToogIwWW,Bad News,1.0
0bBgXH6mybXjdngxKF5zBE,Piece Of Mind,0QUbiLQySWPq5Lh3f7A9bN,Hate the Club (feat. Masego),1.0
0bBgXH6mybXjdngxKF5zBE,Piece Of Mind,39jPNpyS33FFAw6xsFvvmG,Personal,1.0
0bBgXH6mybXjdngxKF5zBE,Piece Of Mind,0uDdI4fAXCuNhQbmxENdsO,Can I,1.0
0bBgXH6mybXjdngxKF5zBE,Piece Of Mind,4k6hX9RKD096K1NCjjJZLc,Footsteps (feat. Musiq Soulchild),1.0
0bBgXH6mybXjdngxKF5zBE,Piece Of Mind,0bxPRWprUVpQK0UFcddkrA,Folded,1.0
1gsYCXkisSnnjBb3qwYZoc,Ur Best Friend (with Kehlani),0TYhf0MgEj4YJaKwo5c4Km,Wicked Games,1.0
1gsYCXkisSnnjBb3qwYZoc,Ur Best Friend (with Kehlani),47cQCF21TczFSmGfpd7c07,EX,1.0
1gsYCXkisSnnjBb3qwYZoc,Ur Best Friend (with Kehlani),7hYec1vvRkr9EguGV1IBYH,Promise Me,1.0
1gsYCXkisSnnjBb3qwYZoc,Ur Best Friend (with Kehlani),5ZWbzxXxywmBQI0eHDUmLV,Same Type,1.0
1gsYCXkisSnnjBb3qwYZoc,Ur Best Friend (with Kehlani),4hT5mhLsU88gfHLp4NNLiP,Feel A Way.,1.0
1gsYCXkisSnnjBb3qwYZoc,Ur Best Friend (with Kehlani),1VzRN9cI7H5NWILRuOXvz3,Bitter Bitch - INTROlude,1.0
1gsYCXkisSnnjBb3qwYZoc,Ur Best Friend (with Kehlani),02gFgSPCOx4q306IAji6gt,Damage,1.0
1gsYCXkisSnnjBb3qwYZoc,Ur Best Friend (with Kehlani),4uMvvCwqs046uxyJiFJTT1,Forfeit. (ft. Lucky Daye),1.0
1gsYCXkisSnnjBb3qwYZoc,Ur Best Friend (with Kehlani),3ixt0k3COtat3YWQtoQMmN,Burn It Up,1.0
1gsYCXkisSnnjBb3qwYZoc,Ur Best Friend (with Kehlani),4CDIfDhXDeewj7x0U4AT4i,Natural,1.0
3TTMUI5dFcbeNSDTTDY9M8,Come Thru (with Usher),21nV7Brjy93nQPM98QwIfr,VELUDO MARROM,0.7
3TTMUI5dFcbeNSDTTDY9M8,Come Thru (with Usher),0SCIwbS0Q4etwJmDyNjHaQ,Diamond Boy (DTM),0.7
3TTMUI5dFcbeNSDTTDY9M8,Come Thru (with Usher),3U3hFkMr0Q90pD24EkE3Pr,BMF,0.7
3TTMUI5dFcbeNSDTTDY9M8,Come Thru (with Usher),6Ry9Jqt3riMhgX46T6XwdL,Baby 95,0.7
3TTMUI5dFcbeNSDTTDY9M8,Come Thru (with Usher),2phXJtsC5wgx8eUp1igDCi,Presente,0.7
3TTMUI5dFcbeNSDTTDY9M8,Come Thru (with Usher),1De7cOMrdUnVpjWBaowMg4,Ex For A Reason (with JT from City Girls),1.0
3TTMUI5dFcbeNSDTTDY9M8,Come Thru (with Usher),21DN44aYlSoyfOQcboC0IP,Throw It Away,1.0
3TTMUI5dFcbeNSDTTDY9M8,Come Thru (with Usher),7EkiMl81fUHVwpItgtzI4r,I'll Kill You (feat. Jhené Aiko),1.0
3TTMUI5dFcbeNSDTTDY9M8,Come Thru (with Usher),644rGY6maSElnKVsAg1gJj,Girls Need Love,1.0
3TTMUI5dFcbeNSDTTDY9M8,Come Thru (with Usher),4CNzuSQoL5jgCxzYmuMvcz,Like It (with 6LACK),1.0
4lnqg62g4GYcQCFNkOQ7Mh,High,0bxPRWprUVpQK0UFcddkrA,Folded,0.7
4lnqg62g4GYcQCFNkOQ7Mh,High,28QD38TKusAwVZ89kKlqrj,um amor calmo,0.7
4lnqg62g4GYcQCFNkOQ7Mh,High,6YaD8CoJIb0HGulK8n21RZ,Códigos,0.7
4lnqg62g4GYcQCFNkOQ7Mh,High,6HDGusXxkSrxZ7iAKbc6eu,AMAReSÓ,0.7
4lnqg62g4GYcQCFNkOQ7Mh,High,2phXJtsC5wgx8eUp1igDCi,Presente,0.7
4lnqg62g4GYcQCFNkOQ7Mh,High,5ngJKkOmjkN460b2ApBnLk,Don't,1.0
4lnqg62g4GYcQCFNkOQ7Mh,High,4MdYt1MK3nwqdrf80anjEQ,l'olympia,1.0
4lnqg62g4GYcQCFNkOQ7Mh,High,6PUcucXjfFBZoDdEovYfmm,rightontime,1.0
4lnqg62g4GYcQCFNkOQ7Mh,High,4qrCMSDCJQu5yo0OeTc9jh,voicemail,1.0
4lnqg62g4GYcQCFNkOQ7Mh,High,5pJdqRR48uFrq1C6Z6Cvjm,Say Less,1.0
5VqKdNoamMXrmRmqVmi9ke,Sauce,2EHaJElgdxeZG2bzCMVmMN,Trying,1.0
5VqKdNoamMXrmRmqVmi9ke,Sauce,0SbOpoBzBBCqWIcvo94JeD,Naked - Bonus Track,1.0
5VqKdNoamMXrmRmqVmi9ke,Sauce,3pdUv2fviypOdl1PTHDunH,This Is,1.0
5VqKdNoamMXrmRmqVmi9ke,Sauce,6CTWathupIiDs7U4InHnDA,Trip,1.0
5VqKdNoamMXrmRmqVmi9ke,Sauce,73mtUJm1RDa0SEW3KL4ePU,Fallen Angel,1.0
5VqKdNoamMXrmRmqVmi9ke,Sauce,0TYsPcmqWOtPdaEXmHvNSE,Break My Heart,1.0
5VqKdNoamMXrmRmqVmi9ke,Sauce,0cNc0bSxmRVhAUJVYEd2Qk,Leave You Alone,1.0
5VqKdNoamMXrmRmqVmi9ke,Sauce,2xW3wiXtNHUsENQLrHf4X0,Feels Like,1.0
5VqKdNoamMXrmRmqVmi9ke,Sauce,6w93UfN5MeXXQTrVIf5V6x,How (feat. Roddy Ricch),1.0
5VqKdNoamMXrmRmqVmi9ke,Sauce,1liiwnCXoqwPVrC0LWxaYq,Hearts On Deck,1.0
1QRpKIlwwqXxDgQEXSvR92,The Beach,21nV7Brjy93nQPM98QwIfr,VELUDO MARROM,0.7
1QRpKIlwwqXxDgQEXSvR92,The Beach,0SCIwbS0Q4etwJmDyNjHaQ,Diamond Boy (DTM),0.7
1QRpKIlwwqXxDgQEXSvR92,The Beach,3U3hFkMr0Q90pD24EkE3Pr,BMF,0.7
1QRpKIlwwqXxDgQEXSvR92,The Beach,6Ry9Jqt3riMhgX46T6XwdL,Baby 95,0.7
1QRpKIlwwqXxDgQEXSvR92,The Beach,2saiiXH63lUebPVEFf0Ysa,CHARME,0.7
1QRpKIlwwqXxDgQEXSvR92,The Beach,6YaD8CoJIb0HGulK8n21RZ,Códigos,0.7
1QRpKIlwwqXxDgQEXSvR92,The Beach,28QD38TKusAwVZ89kKlqrj,um amor calmo,0.7
1QRpKIlwwqXxDgQEXSvR92,The Beach,0bxPRWprUVpQK0UFcddkrA,Folded,0.7
1QRpKIlwwqXxDgQEXSvR92,The Beach,2phXJtsC5wgx8eUp1igDCi,Presente,0.7
1QRpKIlwwqXxDgQEXSvR92,The Beach,6qBFSepqLCuh5tehehc1bd,Like I Want You,1.0
39jPNpyS33FFAw6xsFvvmG,Personal,4WghJOMjDpGdlk3b8aJIgy,up at night (feat. justin bieber),1.0
39jPNpyS33FFAw6xsFvvmG,Personal,1Fraz3CzCuOULnToogIwWW,Bad News,1.0
39jPNpyS33FFAw6xsFvvmG,Personal,0QUbiLQySWPq5Lh3f7A9bN,Hate the Club (feat. Masego),1.0
39jPNpyS33FFAw6xsFvvmG,Personal,0uDdI4fAXCuNhQbmxENdsO,Can I,1.0
39jPNpyS33FFAw6xsFvvmG,Personal,4k6hX9RKD096K1NCjjJZLc,Footsteps (feat. Musiq Soulchild),1.0
39jPNpyS33FFAw6xsFvvmG,Personal,0bxPRWprUVpQK0UFcddkrA,Folded,1.0
0TYhf0MgEj4YJaKwo5c4Km,Wicked Games,47cQCF21TczFSmGfpd7c07,EX,1.0
0TYhf0MgEj4YJaKwo5c4Km,Wicked Games,7hYec1vvRkr9EguGV1IBYH,Promise Me,1.0
0TYhf0MgEj4YJaKwo5c4Km,Wicked Games,5ZWbzxXxywmBQI0eHDUmLV,Same Type,1.0
0TYhf0MgEj4YJaKwo5c4Km,Wicked Games,4hT5mhLsU88gfHLp4NNLiP,Feel A Way.,1.0
0TYhf0MgEj4YJaKwo5c4Km,Wicked Games,1VzRN9cI7H5NWILRuOXvz3,Bitter Bitch - INTROlude,1.0
0TYhf0MgEj4YJaKwo5c4Km,Wicked Games,02gFgSPCOx4q306IAji6gt,Damage,1.0
0TYhf0MgEj4YJaKwo5c4Km,Wicked Games,4uMvvCwqs046uxyJiFJTT1,Forfeit. (ft. Lucky Daye),1.0
0TYhf0MgEj4YJaKwo5c4Km,Wicked Games,3ixt0k3COtat3YWQtoQMmN,Burn It Up,1.0
0TYhf0MgEj4YJaKwo5c4Km,Wicked Games,4CDIfDhXDeewj7x0U4AT4i,Natural,1.0
47cQCF21TczFSmGfpd7c07,EX,7hYec1vvRkr9EguGV1IBYH,Promise Me,1.0
47cQCF21TczFSmGfpd7c07,EX,5ZWbzxXxywmBQI0eHDUmLV,Same Type,1.0
47cQCF21TczFSmGfpd7c07,EX,4hT5mhLsU88gfHLp4NNLiP,Feel A Way.,1.0
47cQCF21TczFSmGfpd7c07,EX,1VzRN9cI7H5NWILRuOXvz3,Bitter Bitch - INTROlude,1.0
47cQCF21TczFSmGfpd7c07,EX,02gFgSPCOx4q306IAji6gt,Damage,1.0
47cQCF21TczFSmGfpd7c07,EX,4uMvvCwqs046uxyJiFJTT1,Forfeit. (ft. Lucky Daye),1.0
47cQCF21TczFSmGfpd7c07,EX,3ixt0k3COtat3YWQtoQMmN,Burn It Up,1.0
47cQCF21TczFSmGfpd7c07,EX,4CDIfDhXDeewj7x0U4AT4i,Natural,1.0
0Aa3g9EQoPNt6PiKjaUeb7,Every Kind Of Way,3U3hFkMr0Q90pD24EkE3Pr,BMF,0.7
0Aa3g9EQoPNt6PiKjaUeb7,Every Kind Of Way,0SCIwbS0Q4etwJmDyNjHaQ,Diamond Boy (DTM),0.7
0Aa3g9EQoPNt6PiKjaUeb7,Every Kind Of Way,6Ry9Jqt3riMhgX46T6XwdL,Baby 95,0.7
0Aa3g9EQoPNt6PiKjaUeb7,Every Kind Of Way,6HDGusXxkSrxZ7iAKbc6eu,AMAReSÓ,0.7
0Aa3g9EQoPNt6PiKjaUeb7,Every Kind Of Way,2phXJtsC5wgx8eUp1igDCi,Presente,0.7
0Aa3g9EQoPNt6PiKjaUeb7,Every Kind Of Way,6YaD8CoJIb0HGulK8n21RZ,Códigos,0.7
0Aa3g9EQoPNt6PiKjaUeb7,Every Kind Of Way,28QD38TKusAwVZ89kKlqrj,um amor calmo,0.7
0Aa3g9EQoPNt6PiKjaUeb7,Every Kind Of Way,0bxPRWprUVpQK0UFcddkrA,Folded,0.7
0Aa3g9EQoPNt6PiKjaUeb7,Every Kind Of Way,3tZs3nVjySLbL320lP4mvs,Focus,1.0
0Aa3g9EQoPNt6PiKjaUeb7,Every Kind Of Way,3krZxyBsWEHfEfJegYaWTd,Come Through (feat. Chris Brown),1.0
0kas95RruYRVqrOb07rgkh,Morning Glory,4WghJOMjDpGdlk3b8aJIgy,up at night (feat. justin bieber),1.0
0kas95RruYRVqrOb07rgkh,Morning Glory,1Fraz3CzCuOULnToogIwWW,Bad News,1.0
0kas95RruYRVqrOb07rgkh,Morning Glory,0QUbiLQySWPq5Lh3f7A9bN,Hate the Club (feat. Masego),1.0
0kas95RruYRVqrOb07rgkh,Morning Glory,0uDdI4fAXCuNhQbmxENdsO,Can I,1.0
0kas95RruYRVqrOb07rgkh,Morning Glory,4k6hX9RKD096K1NCjjJZLc,Footsteps (feat. Musiq Soulchild),1.0
0kas95RruYRVqrOb07rgkh,Morning Glory,0bxPRWprUVpQK0UFcddkrA,Folded,1.0
0aSW5EMeNnQSMJQ8QN3zIW,Too Deep,4WghJOMjDpGdlk3b8aJIgy,up at night (feat. justin bieber),1.0
0aSW5EMeNnQSMJQ8QN3zIW,Too Deep,1Fraz3CzCuOULnToogIwWW,Bad News,1.0
0aSW5EMeNnQSMJQ8QN3zIW,Too Deep,0QUbiLQySWPq5Lh3f7A9bN,Hate the Club (feat. Masego),1.0
0aSW5EMeNnQSMJQ8QN3zIW,Too Deep,0uDdI4fAXCuNhQbmxENdsO,Can I,1.0
0aSW5EMeNnQSMJQ8QN3zIW,Too Deep,4k6hX9RKD096K1NCjjJZLc,Footsteps (feat. Musiq Soulchild),1.0
0aSW5EMeNnQSMJQ8QN3zIW,Too Deep,0bxPRWprUVpQK0UFcddkrA,Folded,1.0
01JPQ87UHeGysPVwTqMJHK,She Don't (feat. Ty Dolla $Ign),2EHaJElgdxeZG2bzCMVmMN,Trying,1.0
01JPQ87UHeGysPVwTqMJHK,She Don't (feat. Ty Dolla $Ign),0SbOpoBzBBCqWIcvo94JeD,Naked - Bonus Track,1.0
01JPQ87UHeGysPVwTqMJHK,She Don't (feat. Ty Dolla $Ign),3pdUv2fviypOdl1PTHDunH,This Is,1.0
01JPQ87UHeGysPVwTqMJHK,She Don't (feat. Ty Dolla $Ign),6CTWathupIiDs7U4InHnDA,Trip,1.0
01JPQ87UHeGysPVwTqMJHK,She Don't (feat. Ty Dolla $Ign),73mtUJm1RDa0SEW3KL4ePU,Fallen Angel,1.0
01JPQ87UHeGysPVwTqMJHK,She Don't (feat. Ty Dolla $Ign),0TYsPcmqWOtPdaEXmHvNSE,Break My Heart,1.0
01JPQ87UHeGysPVwTqMJHK,She Don't (feat. Ty Dolla $Ign),0cNc0bSxmRVhAUJVYEd2Qk,Leave You Alone,1.0
01JPQ87UHeGysPVwTqMJHK,She Don't (feat. Ty Dolla $Ign),2xW3wiXtNHUsENQLrHf4X0,Feels Like,1.0
01JPQ87UHeGysPVwTqMJHK,She Don't (feat. Ty Dolla $Ign),6w93UfN5MeXXQTrVIf5V6x,How (feat. Roddy Ricch),1.0
01JPQ87UHeGysPVwTqMJHK,She Don't (feat. Ty Dolla $Ign),1liiwnCXoqwPVrC0LWxaYq,Hearts On Deck,1.0
6qBFSepqLCuh5tehehc1bd,Like I Want You,21nV7Brjy93nQPM98QwIfr,VELUDO MARROM,0.7
6qBFSepqLCuh5tehehc1bd,Like I Want You,0SCIwbS0Q4etwJmDyNjHaQ,Diamond Boy (DTM),0.7
6qBFSepqLCuh5tehehc1bd,Like I Want You,3U3hFkMr0Q90pD24EkE3Pr,BMF,0.7
6qBFSepqLCuh5tehehc1bd,Like I Want You,6Ry9Jqt3riMhgX46T6XwdL,Baby 95,0.7
6qBFSepqLCuh5tehehc1bd,Like I Want You,2saiiXH63lUebPVEFf0Ysa,CHARME,0.7
6qBFSepqLCuh5tehehc1bd,Like I Want You,6YaD8CoJIb0HGulK8n21RZ,Códigos,0.7
6qBFSepqLCuh5tehehc1bd,Like I Want You,28QD38TKusAwVZ89kKlqrj,um amor calmo,0.7
6qBFSepqLCuh5tehehc1bd,Like I Want You,0bxPRWprUVpQK0UFcddkrA,Folded,0.7
6qBFSepqLCuh5tehehc1bd,Like I Want You,2phXJtsC5wgx8eUp1igDCi,Presente,0.7
0rTV5WefWd1J3OwIheTzxM,Talk,21nV7Brjy93nQPM98QwIfr,VELUDO MARROM,0.7
0rTV5WefWd1J3OwIheTzxM,Talk,0SCIwbS0Q4etwJmDyNjHaQ,Diamond Boy (DTM),0.7
0rTV5WefWd1J3OwIheTzxM,Talk,3U3hFkMr0Q90pD24EkE3Pr,BMF,0.7
0rTV5WefWd1J3OwIheTzxM,Talk,6Ry9Jqt3riMhgX46T6XwdL,Baby 95,0.7
0rTV5WefWd1J3OwIheTzxM,Talk,2saiiXH63lUebPVEFf0Ysa,CHARME,0.7
0rTV5WefWd1J3OwIheTzxM,Talk,6YaD8CoJIb0HGulK8n21RZ,Códigos,0.7
0rTV5WefWd1J3OwIheTzxM,Talk,28QD38TKusAwVZ89kKlqrj,um amor calmo,0.7
0rTV5WefWd1J3OwIheTzxM,Talk,0bxPRWprUVpQK0UFcddkrA,Folded,0.7
0rTV5WefWd1J3OwIheTzxM,Talk,2phXJtsC5wgx8eUp1igDCi,Presente,0.7
0rTV5WefWd1J3OwIheTzxM,Talk,4hS7b55aChkN6FePTc6CeD,Voicemail (feat. Kiana Ledé),1.0
644rGY6maSElnKVsAg1gJj,Girls Need Love,21nV7Brjy93nQPM98QwIfr,VELUDO MARROM,0.7
644rGY6maSElnKVsAg1gJj,Girls Need Love,0SCIwbS0Q4etwJmDyNjHaQ,Diamond Boy (DTM),0.7
644rGY6maSElnKVsAg1gJj,Girls Need Love,3U3hFkMr0Q90pD24EkE3Pr,BMF,0.7
644rGY6maSElnKVsAg1gJj,Girls Need Love,6Ry9Jqt3riMhgX46T6XwdL,Baby 95,0.7
644rGY6maSElnKVsAg1gJj,Girls Need Love,2phXJtsC5wgx8eUp1igDCi,Presente,0.7
644rGY6maSElnKVsAg1gJj,Girls Need Love,1De7cOMrdUnVpjWBaowMg4,Ex For A Reason (with JT from City Girls),1.0
644rGY6maSElnKVsAg1gJj,Girls Need Love,21DN44aYlSoyfOQcboC0IP,Throw It Away,1.0
644rGY6maSElnKVsAg1gJj,Girls Need Love,7EkiMl81fUHVwpItgtzI4r,I'll Kill You (feat. Jhené Aiko),1.0
644rGY6maSElnKVsAg1gJj,Girls Need Love,4CNzuSQoL5jgCxzYmuMvcz,Like It (with 6LACK),1.0
4iJyoBOLtHqaGxP12qzhQI,Peaches (feat. Daniel Caesar & Giveon),21nV7Brjy93nQPM98QwIfr,VELUDO MARROM,0.7
4iJyoBOLtHqaGxP12qzhQI,Peaches (feat. Daniel Caesar & Giveon),0SCIwbS0Q4etwJmDyNjHaQ,Diamond Boy (DTM),0.7
4iJyoBOLtHqaGxP12qzhQI,Peaches (feat. Daniel Caesar & Giveon),3U3hFkMr0Q90pD24EkE3Pr,BMF,0.7
4iJyoBOLtHqaGxP12qzhQI,Peaches (feat. Daniel Caesar & Giveon),6Ry9Jqt3riMhgX46T6XwdL,Baby 95,0.7
4iJyoBOLtHqaGxP12qzhQI,Peaches (feat. Daniel Caesar & Giveon),6HDGusXxkSrxZ7iAKbc6eu,AMAReSÓ,0.7
4iJyoBOLtHqaGxP12qzhQI,Peaches (feat. Daniel Caesar & Giveon),6YaD8CoJIb0HGulK8n21RZ,Códigos,0.7
4iJyoBOLtHqaGxP12qzhQI,Peaches (feat. Daniel Caesar & Giveon),28QD38TKusAwVZ89kKlqrj,um amor calmo,0.7
4iJyoBOLtHqaGxP12qzhQI,Peaches (feat. Daniel Caesar & Giveon),0bxPRWprUVpQK0UFcddkrA,Folded,0.7
4iJyoBOLtHqaGxP12qzhQI,Peaches (feat. Daniel Caesar & Giveon),2saiiXH63lUebPVEFf0Ysa,CHARME,0.7
4iJyoBOLtHqaGxP12qzhQI,Peaches (feat. Daniel Caesar & Giveon),2phXJtsC5wgx8eUp1igDCi,Presente,0.7
1ymfNLLUGtND2AEe2K0TjF,Eu & Tu!,21nV7Brjy93nQPM98QwIfr,VELUDO MARROM,0.7
1ymfNLLUGtND2AEe2K0TjF,Eu & Tu!,0SCIwbS0Q4etwJmDyNjHaQ,Diamond Boy (DTM),0.7
1ymfNLLUGtND2AEe2K0TjF,Eu & Tu!,3U3hFkMr0Q90pD24EkE3Pr,BMF,0.7
1ymfNLLUGtND2AEe2K0TjF,Eu & Tu!,6Ry9Jqt3riMhgX46T6XwdL,Baby 95,0.7
1ymfNLLUGtND2AEe2K0TjF,Eu & Tu!,2saiiXH63lUebPVEFf0Ysa,CHARME,0.7
1ymfNLLUGtND2AEe2K0TjF,Eu & Tu!,6YaD8CoJIb0HGulK8n21RZ,Códigos,0.7
1ymfNLLUGtND2AEe2K0TjF,Eu & Tu!,28QD38TKusAwVZ89kKlqrj,um amor calmo,0.7
1ymfNLLUGtND2AEe2K0TjF,Eu & Tu!,0bxPRWprUVpQK0UFcddkrA,Folded,0.7
1ymfNLLUGtND2AEe2K0TjF,Eu & Tu!,2phXJtsC5wgx8eUp1igDCi,Presente,0.7
4WghJOMjDpGdlk3b8aJIgy,up at night (feat. justin bieber),1Fraz3CzCuOULnToogIwWW,Bad News,1.0
4WghJOMjDpGdlk3b8aJIgy,up at night (feat. justin bieber),0QUbiLQySWPq5Lh3f7A9bN,Hate the Club (feat. Masego),1.0
4WghJOMjDpGdlk3b8aJIgy,up at night (feat. justin bieber),0uDdI4fAXCuNhQbmxENdsO,Can I,1.0
4WghJOMjDpGdlk3b8aJIgy,up at night (feat. justin bieber),4k6hX9RKD096K1NCjjJZLc,Footsteps (feat. Musiq Soulchild),1.0
4WghJOMjDpGdlk3b8aJIgy,up at night (feat. justin bieber),0bxPRWprUVpQK0UFcddkrA,Folded,1.0
5tzc794n0sGzBzzGWd6etL,Ready,21nV7Brjy93nQPM98QwIfr,VELUDO MARROM,0.7
5tzc794n0sGzBzzGWd6etL,Ready,0SCIwbS0Q4etwJmDyNjHaQ,Diamond Boy (DTM),0.7
5tzc794n0sGzBzzGWd6etL,Ready,3U3hFkMr0Q90pD24EkE3Pr,BMF,0.7
5tzc794n0sGzBzzGWd6etL,Ready,6Ry9Jqt3riMhgX46T6XwdL,Baby 95,0.7
5tzc794n0sGzBzzGWd6etL,Ready,2saiiXH63lUebPVEFf0Ysa,CHARME,0.7
5tzc794n0sGzBzzGWd6etL,Ready,2phXJtsC5wgx8eUp1igDCi,Presente,0.7
5tzc794n0sGzBzzGWd6etL,Ready,28QD38TKusAwVZ89kKlqrj,um amor calmo,0.7
5tzc794n0sGzBzzGWd6etL,Ready,0bxPRWprUVpQK0UFcddkrA,Folded,0.7
5tzc794n0sGzBzzGWd6etL,Ready,7DswEZZthZ6piQpL25qGAM,On My Mama,1.0
5tzc794n0sGzBzzGWd6etL,Ready,3unpulZnIiKRZ4MCymHfXx,Smoke (feat. Lucky Daye),1.0
2EHaJElgdxeZG2bzCMVmMN,Trying,5loh6eABTjZYF746SIVxKA,Sink or Swim,1.0
2EHaJElgdxeZG2bzCMVmMN,Trying,0SbOpoBzBBCqWIcvo94JeD,Naked - Bonus Track,1.0
2EHaJElgdxeZG2bzCMVmMN,Trying,3pdUv2fviypOdl1PTHDunH,This Is,1.0
2EHaJElgdxeZG2bzCMVmMN,Trying,6CTWathupIiDs7U4InHnDA,Trip,1.0
2EHaJElgdxeZG2bzCMVmMN,Trying,73mtUJm1RDa0SEW3KL4ePU,Fallen Angel,1.0
2EHaJElgdxeZG2bzCMVmMN,Trying,0TYsPcmqWOtPdaEXmHvNSE,Break My Heart,1.0
2EHaJElgdxeZG2bzCMVmMN,Trying,0cNc0bSxmRVhAUJVYEd2Qk,Leave You Alone,1.0
2EHaJElgdxeZG2bzCMVmMN,Trying,2xW3wiXtNHUsENQLrHf4X0,Feels Like,1.0
2EHaJElgdxeZG2bzCMVmMN,Trying,6w93UfN5MeXXQTrVIf5V6x,How (feat. Roddy Ricch),1.0
2EHaJElgdxeZG2bzCMVmMN,Trying,1liiwnCXoqwPVrC0LWxaYq,Hearts On Deck,1.0
3HgJ1aYlEgy8Yj1NMAe1pm,A Mess (feat. Lucky Daye),5loh6eABTjZYF746SIVxKA,Sink or Swim,1.0
3HgJ1aYlEgy8Yj1NMAe1pm,A Mess (feat. Lucky Daye),0SbOpoBzBBCqWIcvo94JeD,Naked - Bonus Track,1.0
3HgJ1aYlEgy8Yj1NMAe1pm,A Mess (feat. Lucky Daye),3pdUv2fviypOdl1PTHDunH,This Is,1.0
3HgJ1aYlEgy8Yj1NMAe1pm,A Mess (feat. Lucky Daye),6CTWathupIiDs7U4InHnDA,Trip,1.0
3HgJ1aYlEgy8Yj1NMAe1pm,A Mess (feat. Lucky Daye),73mtUJm1RDa0SEW3KL4ePU,Fallen Angel,1.0
3HgJ1aYlEgy8Yj1NMAe1pm,A Mess (feat. Lucky Daye),0TYsPcmqWOtPdaEXmHvNSE,Break My Heart,1.0
3HgJ1aYlEgy8Yj1NMAe1pm,A Mess (feat. Lucky Daye),0cNc0bSxmRVhAUJVYEd2Qk,Leave You Alone,1.0
3HgJ1aYlEgy8Yj1NMAe1pm,A Mess (feat. Lucky Daye),2xW3wiXtNHUsENQLrHf4X0,Feels Like,1.0
3HgJ1aYlEgy8Yj1NMAe1pm,A Mess (feat. Lucky Daye),6w93UfN5MeXXQTrVIf5V6x,How (feat. Roddy Ricch),1.0
3HgJ1aYlEgy8Yj1NMAe1pm,A Mess (feat. Lucky Daye),1liiwnCXoqwPVrC0LWxaYq,Hearts On Deck,1.0
1OOiw7ttMNKjp8BTeH2QaV,DOLORES,21nV7Brjy93nQPM98QwIfr,VELUDO MARROM,0.7
1OOiw7ttMNKjp8BTeH2QaV,DOLORES,0SCIwbS0Q4etwJmDyNjHaQ,Diamond Boy (DTM),0.7
1OOiw7ttMNKjp8BTeH2QaV,DOLORES,3U3hFkMr0Q90pD24EkE3Pr,BMF,0.7
1OOiw7ttMNKjp8BTeH2QaV,DOLORES,6Ry9Jqt3riMhgX46T6XwdL,Baby 95,0.7
1OOiw7ttMNKjp8BTeH2QaV,DOLORES,2saiiXH63lUebPVEFf0Ysa,CHARME,0.7
1OOiw7ttMNKjp8BTeH2QaV,DOLORES,6YaD8CoJIb0HGulK8n21RZ,Códigos,0.7
1OOiw7ttMNKjp8BTeH2QaV,DOLORES,28QD38TKusAwVZ89kKlqrj,um amor calmo,0.7
1OOiw7ttMNKjp8BTeH2QaV,DOLORES,0bxPRWprUVpQK0UFcddkrA,Folded,0.7
1OOiw7ttMNKjp8BTeH2QaV,DOLORES,2phXJtsC5wgx8eUp1igDCi,Presente,0.7
1OOiw7ttMNKjp8BTeH2QaV,DOLORES,1WM8ow5z3QyLEB5br1u7Y5,PELEAS,1.0
5loh6eABTjZYF746SIVxKA,Sink or Swim,0SbOpoBzBBCqWIcvo94JeD,Naked - Bonus Track,1.0
5loh6eABTjZYF746SIVxKA,Sink or Swim,3pdUv2fviypOdl1PTHDunH,This Is,1.0
5loh6eABTjZYF746SIVxKA,Sink or Swim,6CTWathupIiDs7U4InHnDA,Trip,1.0
5loh6eABTjZYF746SIVxKA,Sink or Swim,73mtUJm1RDa0SEW3KL4ePU,Fallen Angel,1.0
5loh6eABTjZYF746SIVxKA,Sink or Swim,0TYsPcmqWOtPdaEXmHvNSE,Break My Heart,1.0
5loh6eABTjZYF746SIVxKA,Sink or Swim,0cNc0bSxmRVhAUJVYEd2Qk,Leave You Alone,1.0
5loh6eABTjZYF746SIVxKA,Sink or Swim,2xW3wiXtNHUsENQLrHf4X0,Feels Like,1.0
5loh6eABTjZYF746SIVxKA,Sink or Swim,6w93UfN5MeXXQTrVIf5V6x,How (feat. Roddy Ricch),1.0
5loh6eABTjZYF746SIVxKA,Sink or Swim,1liiwnCXoqwPVrC0LWxaYq,Hearts On Deck,1.0
647I6AeX6QTUWrW3mQkPCm,Fé,21nV7Brjy93nQPM98QwIfr,VELUDO MARROM,0.7
647I6AeX6QTUWrW3mQkPCm,Fé,0SCIwbS0Q4etwJmDyNjHaQ,Diamond Boy (DTM),0.7
647I6AeX6QTUWrW3mQkPCm,Fé,3U3hFkMr0Q90pD24EkE3Pr,BMF,0.7
647I6AeX6QTUWrW3mQkPCm,Fé,6Ry9Jqt3riMhgX46T6XwdL,Baby 95,0.7
647I6AeX6QTUWrW3mQkPCm,Fé,2saiiXH63lUebPVEFf0Ysa,CHARME,0.7
647I6AeX6QTUWrW3mQkPCm,Fé,2phXJtsC5wgx8eUp1igDCi,Presente,0.7
647I6AeX6QTUWrW3mQkPCm,Fé,28QD38TKusAwVZ89kKlqrj,um amor calmo,0.7
647I6AeX6QTUWrW3mQkPCm,Fé,0bxPRWprUVpQK0UFcddkrA,Folded,0.7
647I6AeX6QTUWrW3mQkPCm,Fé,65PZ21wSvvgO1nLRcZ2FdF,Mó Paz (feat. Ivandro),1.0
6BF3nZQkAg9qvE0DLVSfyH,Hotel Caro,21nV7Brjy93nQPM98QwIfr,VELUDO MARROM,0.7
6BF3nZQkAg9qvE0DLVSfyH,Hotel Caro,0SCIwbS0Q4etwJmDyNjHaQ,Diamond Boy (DTM),0.7
6BF3nZQkAg9qvE0DLVSfyH,Hotel Caro,3U3hFkMr0Q90pD24EkE3Pr,BMF,0.7
6BF3nZQkAg9qvE0DLVSfyH,Hotel Caro,6Ry9Jqt3riMhgX46T6XwdL,Baby 95,0.7
6BF3nZQkAg9qvE0DLVSfyH,Hotel Caro,2saiiXH63lUebPVEFf0Ysa,CHARME,0.7
6BF3nZQkAg9qvE0DLVSfyH,Hotel Caro,6YaD8CoJIb0HGulK8n21RZ,Códigos,0.7
6BF3nZQkAg9qvE0DLVSfyH,Hotel Caro,28QD38TKusAwVZ89kKlqrj,um amor calmo,0.7
6BF3nZQkAg9qvE0DLVSfyH,Hotel Caro,0bxPRWprUVpQK0UFcddkrA,Folded,0.7
6BF3nZQkAg9qvE0DLVSfyH,Hotel Caro,2phXJtsC5wgx8eUp1igDCi,Presente,0.7
6BF3nZQkAg9qvE0DLVSfyH,Hotel Caro,3nlhqZHMXG2A5UkW633wwx,Samba in Paris,1.0
7HhtNlYNI32WY6n0ISX0U1,Love Galore (feat. Travis Scott),34ZAzO78a5DAVNrYIGWcPm,Shirt,1.0
7HhtNlYNI32WY6n0ISX0U1,Love Galore (feat. Travis Scott),5Y35SjAfXjjG0sFQ3KOxmm,Nobody Gets Me,1.0
7HhtNlYNI32WY6n0ISX0U1,Love Galore (feat. Travis Scott),4hTej08FutmriOs7S1hWWy,Conceited,1.0
7HhtNlYNI32WY6n0ISX0U1,Love Galore (feat. Travis Scott),3OHfY25tqY28d16oZczHc8,Kill Bill,1.0
7HhtNlYNI32WY6n0ISX0U1,Love Galore (feat. Travis Scott),4iZ4pt7kvcaH6Yo8UoZ4s2,Snooze,1.0
7HhtNlYNI32WY6n0ISX0U1,Love Galore (feat. Travis Scott),3U3hFkMr0Q90pD24EkE3Pr,BMF,1.0
7HhtNlYNI32WY6n0ISX0U1,Love Galore (feat. Travis Scott),1bjeWoagtHmUKputLVyDxQ,Saturn,1.0
7HhtNlYNI32WY6n0ISX0U1,Love Galore (feat. Travis Scott),5wTVNpi5WDByxBgKgUE6MU,Supermodel,1.0
7HhtNlYNI32WY6n0ISX0U1,Love Galore (feat. Travis Scott),6jTQijAuYxOd8DjQ8D6UkL,What Do I Do,1.0
7HhtNlYNI32WY6n0ISX0U1,Love Galore (feat. Travis Scott),0SCIwbS0Q4etwJmDyNjHaQ,Diamond Boy (DTM),1.0
6yyxqE2ZdAVuD2qEL76POx,Garden (Say It Like Dat),34ZAzO78a5DAVNrYIGWcPm,Shirt,1.0
6yyxqE2ZdAVuD2qEL76POx,Garden (Say It Like Dat),5Y35SjAfXjjG0sFQ3KOxmm,Nobody Gets Me,1.0
6yyxqE2ZdAVuD2qEL76POx,Garden (Say It Like Dat),4hTej08FutmriOs7S1hWWy,Conceited,1.0
6yyxqE2ZdAVuD2qEL76POx,Garden (Say It Like Dat),3OHfY25tqY28d16oZczHc8,Kill Bill,1.0
6yyxqE2ZdAVuD2qEL76POx,Garden (Say It Like Dat),4iZ4pt7kvcaH6Yo8UoZ4s2,Snooze,1.0
6yyxqE2ZdAVuD2qEL76POx,Garden (Say It Like Dat),3U3hFkMr0Q90pD24EkE3Pr,BMF,1.0
6yyxqE2ZdAVuD2qEL76POx,Garden (Say It Like Dat),1bjeWoagtHmUKputLVyDxQ,Saturn,1.0
6yyxqE2ZdAVuD2qEL76POx,Garden (Say It Like Dat),5wTVNpi5WDByxBgKgUE6MU,Supermodel,1.0
6yyxqE2ZdAVuD2qEL76POx,Garden (Say It Like Dat),6jTQijAuYxOd8DjQ8D6UkL,What Do I Do,1.0
6yyxqE2ZdAVuD2qEL76POx,Garden (Say It Like Dat),0SCIwbS0Q4etwJmDyNjHaQ,Diamond Boy (DTM),1.0
2fXwCWkh6YG5zU1IyvQrbs,Broken Clocks,34ZAzO78a5DAVNrYIGWcPm,Shirt,1.0
2fXwCWkh6YG5zU1IyvQrbs,Broken Clocks,5Y35SjAfXjjG0sFQ3KOxmm,Nobody Gets Me,1.0
2fXwCWkh6YG5zU1IyvQrbs,Broken Clocks,4hTej08FutmriOs7S1hWWy,Conceited,1.0
2fXwCWkh6YG5zU1IyvQrbs,Broken Clocks,3OHfY25tqY28d16oZczHc8,Kill Bill,1.0
2fXwCWkh6YG5zU1IyvQrbs,Broken Clocks,4iZ4pt7kvcaH6Yo8UoZ4s2,Snooze,1.0
2fXwCWkh6YG5zU1IyvQrbs,Broken Clocks,3U3hFkMr0Q90pD24EkE3Pr,BMF,1.0
2fXwCWkh6YG5zU1IyvQrbs,Broken Clocks,1bjeWoagtHmUKputLVyDxQ,Saturn,1.0
2fXwCWkh6YG5zU1IyvQrbs,Broken Clocks,5wTVNpi5WDByxBgKgUE6MU,Supermodel,1.0
2fXwCWkh6YG5zU1IyvQrbs,Broken Clocks,6jTQijAuYxOd8DjQ8D6UkL,What Do I Do,1.0
2fXwCWkh6YG5zU1IyvQrbs,Broken Clocks,0SCIwbS0Q4etwJmDyNjHaQ,Diamond Boy (DTM),1.0
0UQSyryW2vxE88AVFSZs3T,Quicksand,34ZAzO78a5DAVNrYIGWcPm,Shirt,1.0
0UQSyryW2vxE88AVFSZs3T,Quicksand,5Y35SjAfXjjG0sFQ3KOxmm,Nobody Gets Me,1.0
0UQSyryW2vxE88AVFSZs3T,Quicksand,4hTej08FutmriOs7S1hWWy,Conceited,1.0
0UQSyryW2vxE88AVFSZs3T,Quicksand,3OHfY25tqY28d16oZczHc8,Kill Bill,1.0
0UQSyryW2vxE88AVFSZs3T,Quicksand,4iZ4pt7kvcaH6Yo8UoZ4s2,Snooze,1.0
0UQSyryW2vxE88AVFSZs3T,Quicksand,3U3hFkMr0Q90pD24EkE3Pr,BMF,1.0
0UQSyryW2vxE88AVFSZs3T,Quicksand,1bjeWoagtHmUKputLVyDxQ,Saturn,1.0
0UQSyryW2vxE88AVFSZs3T,Quicksand,5wTVNpi5WDByxBgKgUE6MU,Supermodel,1.0
0UQSyryW2vxE88AVFSZs3T,Quicksand,6jTQijAuYxOd8DjQ8D6UkL,What Do I Do,1.0
0UQSyryW2vxE88AVFSZs3T,Quicksand,0SCIwbS0Q4etwJmDyNjHaQ,Diamond Boy (DTM),1.0
3IHaiorYWOcr8Kzs85PWF7,CUFF IT,3U3hFkMr0Q90pD24EkE3Pr,BMF,0.7
3IHaiorYWOcr8Kzs85PWF7,CUFF IT,0SCIwbS0Q4etwJmDyNjHaQ,Diamond Boy (DTM),0.7
3IHaiorYWOcr8Kzs85PWF7,CUFF IT,6Ry9Jqt3riMhgX46T6XwdL,Baby 95,0.7
3IHaiorYWOcr8Kzs85PWF7,CUFF IT,6HDGusXxkSrxZ7iAKbc6eu,AMAReSÓ,0.7
3IHaiorYWOcr8Kzs85PWF7,CUFF IT,2phXJtsC5wgx8eUp1igDCi,Presente,0.7
3IHaiorYWOcr8Kzs85PWF7,CUFF IT,6YaD8CoJIb0HGulK8n21RZ,Códigos,0.7
3IHaiorYWOcr8Kzs85PWF7,CUFF IT,28QD38TKusAwVZ89kKlqrj,um amor calmo,0.7
3IHaiorYWOcr8Kzs85PWF7,CUFF IT,0bxPRWprUVpQK0UFcddkrA,Folded,0.7
3IHaiorYWOcr8Kzs85PWF7,CUFF IT,2VOfPkpiJctQYXVYfnp0X8,PLASTIC OFF THE SOFA,1.0
3IHaiorYWOcr8Kzs85PWF7,CUFF IT,0755vnFQZLSgHHWbR1qCjY,Rocket,1.0
2VOfPkpiJctQYXVYfnp0X8,PLASTIC OFF THE SOFA,3U3hFkMr0Q90pD24EkE3Pr,BMF,0.7
2VOfPkpiJctQYXVYfnp0X8,PLASTIC OFF THE SOFA,0SCIwbS0Q4etwJmDyNjHaQ,Diamond Boy (DTM),0.7
2VOfPkpiJctQYXVYfnp0X8,PLASTIC OFF THE SOFA,6Ry9Jqt3riMhgX46T6XwdL,Baby 95,0.7
2VOfPkpiJctQYXVYfnp0X8,PLASTIC OFF THE SOFA,6HDGusXxkSrxZ7iAKbc6eu,AMAReSÓ,0.7
2VOfPkpiJctQYXVYfnp0X8,PLASTIC OFF THE SOFA,2phXJtsC5wgx8eUp1igDCi,Presente,0.7
2VOfPkpiJctQYXVYfnp0X8,PLASTIC OFF THE SOFA,6YaD8CoJIb0HGulK8n21RZ,Códigos,0.7
2VOfPkpiJctQYXVYfnp0X8,PLASTIC OFF THE SOFA,28QD38TKusAwVZ89kKlqrj,um amor calmo,0.7
2VOfPkpiJctQYXVYfnp0X8,PLASTIC OFF THE SOFA,0bxPRWprUVpQK0UFcddkrA,Folded,0.7
2VOfPkpiJctQYXVYfnp0X8,PLASTIC OFF THE SOFA,0755vnFQZLSgHHWbR1qCjY,Rocket,1.0
20jLHaXVhMFjwHs1JPjL4S,more than i should (feat. jessie reyez),1Fraz3CzCuOULnToogIwWW,Bad News,1.0
20jLHaXVhMFjwHs1JPjL4S,more than i should (feat. jessie reyez),0QUbiLQySWPq5Lh3f7A9bN,Hate the Club (feat. Masego),1.0
20jLHaXVhMFjwHs1JPjL4S,more than i should (feat. jessie reyez),0uDdI4fAXCuNhQbmxENdsO,Can I,1.0
20jLHaXVhMFjwHs1JPjL4S,more than i should (feat. jessie reyez),4k6hX9RKD096K1NCjjJZLc,Footsteps (feat. Musiq Soulchild),1.0
20jLHaXVhMFjwHs1JPjL4S,more than i should (feat. jessie reyez),0bxPRWprUVpQK0UFcddkrA,Folded,1.0
4Wos0h9ECU2Z3oJMTQxpbc,Read your Mind,21nV7Brjy93nQPM98QwIfr,VELUDO MARROM,0.7
4Wos0h9ECU2Z3oJMTQxpbc,Read your Mind,0SCIwbS0Q4etwJmDyNjHaQ,Diamond Boy (DTM),0.7
4Wos0h9ECU2Z3oJMTQxpbc,Read your Mind,3U3hFkMr0Q90pD24EkE3Pr,BMF,0.7
4Wos0h9ECU2Z3oJMTQxpbc,Read your Mind,6Ry9Jqt3riMhgX46T6XwdL,Baby 95,0.7
4Wos0h9ECU2Z3oJMTQxpbc,Read your Mind,2saiiXH63lUebPVEFf0Ysa,CHARME,0.7
4Wos0h9ECU2Z3oJMTQxpbc,Read your Mind,2phXJtsC5wgx8eUp1igDCi,Presente,0.7
4Wos0h9ECU2Z3oJMTQxpbc,Read your Mind,0bxPRWprUVpQK0UFcddkrA,Folded,0.7
4Wos0h9ECU2Z3oJMTQxpbc,Read your Mind,1RAeuvRyRzCweAK3jUT0ZW,bet u wanna,1.0
4Wos0h9ECU2Z3oJMTQxpbc,Read your Mind,27B9H3cOefm9lWDfh9A0gj,Take Off All Your Cool,1.0
4Wos0h9ECU2Z3oJMTQxpbc,Read your Mind,1CXLy7cfmAuxoIYcVM3wtK,Tell Em,1.0
1RAeuvRyRzCweAK3jUT0ZW,bet u wanna,21nV7Brjy93nQPM98QwIfr,VELUDO MARROM,0.7
1RAeuvRyRzCweAK3jUT0ZW,bet u wanna,0SCIwbS0Q4etwJmDyNjHaQ,Diamond Boy (DTM),0.7
1RAeuvRyRzCweAK3jUT0ZW,bet u wanna,3U3hFkMr0Q90pD24EkE3Pr,BMF,0.7
1RAeuvRyRzCweAK3jUT0ZW,bet u wanna,6Ry9Jqt3riMhgX46T6XwdL,Baby 95,0.7
1RAeuvRyRzCweAK3jUT0ZW,bet u wanna,2saiiXH63lUebPVEFf0Ysa,CHARME,0.7
1RAeuvRyRzCweAK3jUT0ZW,bet u wanna,2phXJtsC5wgx8eUp1igDCi,Presente,0.7
1RAeuvRyRzCweAK3jUT0ZW,bet u wanna,0bxPRWprUVpQK0UFcddkrA,Folded,0.7
1RAeuvRyRzCweAK3jUT0ZW,bet u wanna,27B9H3cOefm9lWDfh9A0gj,Take Off All Your Cool,1.0
1RAeuvRyRzCweAK3jUT0ZW,bet u wanna,1CXLy7cfmAuxoIYcVM3wtK,Tell Em,1.0
2ZV03Ca2m4lNnX5gIjf3ef,Speak To Me,21nV7Brjy93nQPM98QwIfr,VELUDO MARROM,0.7
2ZV03Ca2m4lNnX5gIjf3ef,Speak To Me,0SCIwbS0Q4etwJmDyNjHaQ,Diamond Boy (DTM),0.7
2ZV03Ca2m4lNnX5gIjf3ef,Speak To Me,3U3hFkMr0Q90pD24EkE3Pr,BMF,0.7
2ZV03Ca2m4lNnX5gIjf3ef,Speak To Me,6Ry9Jqt3riMhgX46T6XwdL,Baby 95,0.7
2ZV03Ca2m4lNnX5gIjf3ef,Speak To Me,2saiiXH63lUebPVEFf0Ysa,CHARME,0.7
2ZV03Ca2m4lNnX5gIjf3ef,Speak To Me,6YaD8CoJIb0HGulK8n21RZ,Códigos,0.7
2ZV03Ca2m4lNnX5gIjf3ef,Speak To Me,28QD38TKusAwVZ89kKlqrj,um amor calmo,0.7
2ZV03Ca2m4lNnX5gIjf3ef,Speak To Me,0bxPRWprUVpQK0UFcddkrA,Folded,0.7
2ZV03Ca2m4lNnX5gIjf3ef,Speak To Me,2phXJtsC5wgx8eUp1igDCi,Presente,0.7
2ZV03Ca2m4lNnX5gIjf3ef,Speak To Me,42j49u8GO8zuWiDCbZq2W4,Leak It (feat. Chlöe),1.0
65PZ21wSvvgO1nLRcZ2FdF,Mó Paz (feat. Ivandro),21nV7Brjy93nQPM98QwIfr,VELUDO MARROM,0.7
65PZ21wSvvgO1nLRcZ2FdF,Mó Paz (feat. Ivandro),0SCIwbS0Q4etwJmDyNjHaQ,Diamond Boy (DTM),0.7
65PZ21wSvvgO1nLRcZ2FdF,Mó Paz (feat. Ivandro),3U3hFkMr0Q90pD24EkE3Pr,BMF,0.7
65PZ21wSvvgO1nLRcZ2FdF,Mó Paz (feat. Ivandro),6Ry9Jqt3riMhgX46T6XwdL,Baby 95,0.7
65PZ21wSvvgO1nLRcZ2FdF,Mó Paz (feat. Ivandro),2saiiXH63lUebPVEFf0Ysa,CHARME,0.7
65PZ21wSvvgO1nLRcZ2FdF,Mó Paz (feat. Ivandro),2phXJtsC5wgx8eUp1igDCi,Presente,0.7
65PZ21wSvvgO1nLRcZ2FdF,Mó Paz (feat. Ivandro),28QD38TKusAwVZ89kKlqrj,um amor calmo,0.7
65PZ21wSvvgO1nLRcZ2FdF,Mó Paz (feat. Ivandro),0bxPRWprUVpQK0UFcddkrA,Folded,0.7
42j49u8GO8zuWiDCbZq2W4,Leak It (feat. Chlöe),21nV7Brjy93nQPM98QwIfr,VELUDO MARROM,0.7
42j49u8GO8zuWiDCbZq2W4,Leak It (feat. Chlöe),0SCIwbS0Q4etwJmDyNjHaQ,Diamond Boy (DTM),0.7
42j49u8GO8zuWiDCbZq2W4,Leak It (feat. Chlöe),3U3hFkMr0Q90pD24EkE3Pr,BMF,0.7
42j49u8GO8zuWiDCbZq2W4,Leak It (feat. Chlöe),6Ry9Jqt3riMhgX46T6XwdL,Baby 95,0.7
42j49u8GO8zuWiDCbZq2W4,Leak It (feat. Chlöe),2saiiXH63lUebPVEFf0Ysa,CHARME,0.7
42j49u8GO8zuWiDCbZq2W4,Leak It (feat. Chlöe),6YaD8CoJIb0HGulK8n21RZ,Códigos,0.7
42j49u8GO8zuWiDCbZq2W4,Leak It (feat. Chlöe),28QD38TKusAwVZ89kKlqrj,um amor calmo,0.7
42j49u8GO8zuWiDCbZq2W4,Leak It (feat. Chlöe),0bxPRWprUVpQK0UFcddkrA,Folded,0.7
42j49u8GO8zuWiDCbZq2W4,Leak It (feat. Chlöe),2phXJtsC5wgx8eUp1igDCi,Presente,0.7
6gU9OKjOE7ghfEd55oRO57,The Weekend,34ZAzO78a5DAVNrYIGWcPm,Shirt,1.0
6gU9OKjOE7ghfEd55oRO57,The Weekend,5Y35SjAfXjjG0sFQ3KOxmm,Nobody Gets Me,1.0
6gU9OKjOE7ghfEd55oRO57,The Weekend,4hTej08FutmriOs7S1hWWy,Conceited,1.0
6gU9OKjOE7ghfEd55oRO57,The Weekend,3OHfY25tqY28d16oZczHc8,Kill Bill,1.0
6gU9OKjOE7ghfEd55oRO57,The Weekend,4iZ4pt7kvcaH6Yo8UoZ4s2,Snooze,1.0
6gU9OKjOE7ghfEd55oRO57,The Weekend,3U3hFkMr0Q90pD24EkE3Pr,BMF,1.0
6gU9OKjOE7ghfEd55oRO57,The Weekend,1bjeWoagtHmUKputLVyDxQ,Saturn,1.0
6gU9OKjOE7ghfEd55oRO57,The Weekend,5wTVNpi5WDByxBgKgUE6MU,Supermodel,1.0
6gU9OKjOE7ghfEd55oRO57,The Weekend,6jTQijAuYxOd8DjQ8D6UkL,What Do I Do,1.0
6gU9OKjOE7ghfEd55oRO57,The Weekend,0SCIwbS0Q4etwJmDyNjHaQ,Diamond Boy (DTM),1.0
34ZAzO78a5DAVNrYIGWcPm,Shirt,5Y35SjAfXjjG0sFQ3KOxmm,Nobody Gets Me,1.0
34ZAzO78a5DAVNrYIGWcPm,Shirt,4hTej08FutmriOs7S1hWWy,Conceited,1.0
34ZAzO78a5DAVNrYIGWcPm,Shirt,3OHfY25tqY28d16oZczHc8,Kill Bill,1.0
34ZAzO78a5DAVNrYIGWcPm,Shirt,4iZ4pt7kvcaH6Yo8UoZ4s2,Snooze,1.0
34ZAzO78a5DAVNrYIGWcPm,Shirt,3U3hFkMr0Q90pD24EkE3Pr,BMF,1.0
34ZAzO78a5DAVNrYIGWcPm,Shirt,1bjeWoagtHmUKputLVyDxQ,Saturn,1.0
34ZAzO78a5DAVNrYIGWcPm,Shirt,5wTVNpi5WDByxBgKgUE6MU,Supermodel,1.0
34ZAzO78a5DAVNrYIGWcPm,Shirt,6jTQijAuYxOd8DjQ8D6UkL,What Do I Do,1.0
34ZAzO78a5DAVNrYIGWcPm,Shirt,0SCIwbS0Q4etwJmDyNjHaQ,Diamond Boy (DTM),1.0
2rf9i0Enr8cw1JRME8Rsvq,Cardboard Box,21nV7Brjy93nQPM98QwIfr,VELUDO MARROM,0.7
2rf9i0Enr8cw1JRME8Rsvq,Cardboard Box,0SCIwbS0Q4etwJmDyNjHaQ,Diamond Boy (DTM),0.7
2rf9i0Enr8cw1JRME8Rsvq,Cardboard Box,3U3hFkMr0Q90pD24EkE3Pr,BMF,0.7
2rf9i0Enr8cw1JRME8Rsvq,Cardboard Box,6Ry9Jqt3riMhgX46T6XwdL,Baby 95,0.7
2rf9i0Enr8cw1JRME8Rsvq,Cardboard Box,2saiiXH63lUebPVEFf0Ysa,CHARME,0.7
2rf9i0Enr8cw1JRME8Rsvq,Cardboard Box,2phXJtsC5wgx8eUp1igDCi,Presente,0.7
2rf9i0Enr8cw1JRME8Rsvq,Cardboard Box,28QD38TKusAwVZ89kKlqrj,um amor calmo,0.7
2rf9i0Enr8cw1JRME8Rsvq,Cardboard Box,0bxPRWprUVpQK0UFcddkrA,Folded,0.7
2rf9i0Enr8cw1JRME8Rsvq,Cardboard Box,5Gp0BMl8A4obJTIpd0qWox,Immature,1.0
2rf9i0Enr8cw1JRME8Rsvq,Cardboard Box,5KZVbtDMFcurkynWsncKtr,Summertime,1.0
4hTej08FutmriOs7S1hWWy,Conceited,5Y35SjAfXjjG0sFQ3KOxmm,Nobody Gets Me,1.0
4hTej08FutmriOs7S1hWWy,Conceited,3OHfY25tqY28d16oZczHc8,Kill Bill,1.0
4hTej08FutmriOs7S1hWWy,Conceited,4iZ4pt7kvcaH6Yo8UoZ4s2,Snooze,1.0
4hTej08FutmriOs7S1hWWy,Conceited,3U3hFkMr0Q90pD24EkE3Pr,BMF,1.0
4hTej08FutmriOs7S1hWWy,Conceited,1bjeWoagtHmUKputLVyDxQ,Saturn,1.0
4hTej08FutmriOs7S1hWWy,Conceited,5wTVNpi5WDByxBgKgUE6MU,Supermodel,1.0
4hTej08FutmriOs7S1hWWy,Conceited,6jTQijAuYxOd8DjQ8D6UkL,What Do I Do,1.0
4hTej08FutmriOs7S1hWWy,Conceited,0SCIwbS0Q4etwJmDyNjHaQ,Diamond Boy (DTM),1.0
3OHfY25tqY28d16oZczHc8,Kill Bill,5Y35SjAfXjjG0sFQ3KOxmm,Nobody Gets Me,1.0
3OHfY25tqY28d16oZczHc8,Kill Bill,4iZ4pt7kvcaH6Yo8UoZ4s2,Snooze,1.0
3OHfY25tqY28d16oZczHc8,Kill Bill,3U3hFkMr0Q90pD24EkE3Pr,BMF,1.0
3OHfY25tqY28d16oZczHc8,Kill Bill,1bjeWoagtHmUKputLVyDxQ,Saturn,1.0
3OHfY25tqY28d16oZczHc8,Kill Bill,5wTVNpi5WDByxBgKgUE6MU,Supermodel,1.0
3OHfY25tqY28d16oZczHc8,Kill Bill,6jTQijAuYxOd8DjQ8D6UkL,What Do I Do,1.0
3OHfY25tqY28d16oZczHc8,Kill Bill,0SCIwbS0Q4etwJmDyNjHaQ,Diamond Boy (DTM),1.0
5Y35SjAfXjjG0sFQ3KOxmm,Nobody Gets Me,4iZ4pt7kvcaH6Yo8UoZ4s2,Snooze,1.0
5Y35SjAfXjjG0sFQ3KOxmm,Nobody Gets Me,3U3hFkMr0Q90pD24EkE3Pr,BMF,1.0
5Y35SjAfXjjG0sFQ3KOxmm,Nobody Gets Me,1bjeWoagtHmUKputLVyDxQ,Saturn,1.0
5Y35SjAfXjjG0sFQ3KOxmm,Nobody Gets Me,5wTVNpi5WDByxBgKgUE6MU,Supermodel,1.0
5Y35SjAfXjjG0sFQ3KOxmm,Nobody Gets Me,6jTQijAuYxOd8DjQ8D6UkL,What Do I Do,1.0
5Y35SjAfXjjG0sFQ3KOxmm,Nobody Gets Me,0SCIwbS0Q4etwJmDyNjHaQ,Diamond Boy (DTM),1.0
5ftR963YlX88OeCAPnXG2Z,Serial Lover,1Fraz3CzCuOULnToogIwWW,Bad News,1.0
5ftR963YlX88OeCAPnXG2Z,Serial Lover,0QUbiLQySWPq5Lh3f7A9bN,Hate the Club (feat. Masego),1.0
5ftR963YlX88OeCAPnXG2Z,Serial Lover,0uDdI4fAXCuNhQbmxENdsO,Can I,1.0
5ftR963YlX88OeCAPnXG2Z,Serial Lover,4k6hX9RKD096K1NCjjJZLc,Footsteps (feat. Musiq Soulchild),1.0
5ftR963YlX88OeCAPnXG2Z,Serial Lover,0bxPRWprUVpQK0UFcddkrA,Folded,1.0
0B3FovCVaGKS5w1FTidEUP,BROWN SKIN GIRL,21nV7Brjy93nQPM98QwIfr,VELUDO MARROM,0.7
0B3FovCVaGKS5w1FTidEUP,BROWN SKIN GIRL,0SCIwbS0Q4etwJmDyNjHaQ,Diamond Boy (DTM),0.7
0B3FovCVaGKS5w1FTidEUP,BROWN SKIN GIRL,3U3hFkMr0Q90pD24EkE3Pr,BMF,0.7
0B3FovCVaGKS5w1FTidEUP,BROWN SKIN GIRL,6Ry9Jqt3riMhgX46T6XwdL,Baby 95,0.7
0B3FovCVaGKS5w1FTidEUP,BROWN SKIN GIRL,6HDGusXxkSrxZ7iAKbc6eu,AMAReSÓ,0.7
0B3FovCVaGKS5w1FTidEUP,BROWN SKIN GIRL,6YaD8CoJIb0HGulK8n21RZ,Códigos,0.7
0B3FovCVaGKS5w1FTidEUP,BROWN SKIN GIRL,28QD38TKusAwVZ89kKlqrj,um amor calmo,0.7
0B3FovCVaGKS5w1FTidEUP,BROWN SKIN GIRL,0bxPRWprUVpQK0UFcddkrA,Folded,0.7
0B3FovCVaGKS5w1FTidEUP,BROWN SKIN GIRL,2saiiXH63lUebPVEFf0Ysa,CHARME,0.7
0B3FovCVaGKS5w1FTidEUP,BROWN SKIN GIRL,2phXJtsC5wgx8eUp1igDCi,Presente,0.7
7GGlr1GkWjre2lo69N0rVk,COFFEE,21nV7Brjy93nQPM98QwIfr,VELUDO MARROM,0.7
7GGlr1GkWjre2lo69N0rVk,COFFEE,0SCIwbS0Q4etwJmDyNjHaQ,Diamond Boy (DTM),0.7
7GGlr1GkWjre2lo69N0rVk,COFFEE,3U3hFkMr0Q90pD24EkE3Pr,BMF,0.7
7GGlr1GkWjre2lo69N0rVk,COFFEE,6Ry9Jqt3riMhgX46T6XwdL,Baby 95,0.7
7GGlr1GkWjre2lo69N0rVk,COFFEE,6HDGusXxkSrxZ7iAKbc6eu,AMAReSÓ,0.7
7GGlr1GkWjre2lo69N0rVk,COFFEE,6YaD8CoJIb0HGulK8n21RZ,Códigos,0.7
7GGlr1GkWjre2lo69N0rVk,COFFEE,28QD38TKusAwVZ89kKlqrj,um amor calmo,0.7
7GGlr1GkWjre2lo69N0rVk,COFFEE,0bxPRWprUVpQK0UFcddkrA,Folded,0.7
7GGlr1GkWjre2lo69N0rVk,COFFEE,2saiiXH63lUebPVEFf0Ysa,CHARME,0.7
7GGlr1GkWjre2lo69N0rVk,COFFEE,2phXJtsC5wgx8eUp1igDCi,Presente,0.7
1FcJgBaOmCLhRoYV9dWRHn,Like Me Better,21nV7Brjy93nQPM98QwIfr,VELUDO MARROM,0.7
1FcJgBaOmCLhRoYV9dWRHn,Like Me Better,0SCIwbS0Q4etwJmDyNjHaQ,Diamond Boy (DTM),0.7
1FcJgBaOmCLhRoYV9dWRHn,Like Me Better,3U3hFkMr0Q90pD24EkE3Pr,BMF,0.7
1FcJgBaOmCLhRoYV9dWRHn,Like Me Better,6Ry9Jqt3riMhgX46T6XwdL,Baby 95,0.7
1FcJgBaOmCLhRoYV9dWRHn,Like Me Better,6HDGusXxkSrxZ7iAKbc6eu,AMAReSÓ,0.7
1FcJgBaOmCLhRoYV9dWRHn,Like Me Better,6YaD8CoJIb0HGulK8n21RZ,Códigos,0.7
1FcJgBaOmCLhRoYV9dWRHn,Like Me Better,28QD38TKusAwVZ89kKlqrj,um amor calmo,0.7
1FcJgBaOmCLhRoYV9dWRHn,Like Me Better,0bxPRWprUVpQK0UFcddkrA,Folded,0.7
1FcJgBaOmCLhRoYV9dWRHn,Like Me Better,2saiiXH63lUebPVEFf0Ysa,CHARME,0.7
1FcJgBaOmCLhRoYV9dWRHn,Like Me Better,2phXJtsC5wgx8eUp1igDCi,Presente,0.7
3nlhqZHMXG2A5UkW633wwx,Samba in Paris,21nV7Brjy93nQPM98QwIfr,VELUDO MARROM,0.7
3nlhqZHMXG2A5UkW633wwx,Samba in Paris,0SCIwbS0Q4etwJmDyNjHaQ,Diamond Boy (DTM),0.7
3nlhqZHMXG2A5UkW633wwx,Samba in Paris,3U3hFkMr0Q90pD24EkE3Pr,BMF,0.7
3nlhqZHMXG2A5UkW633wwx,Samba in Paris,6Ry9Jqt3riMhgX46T6XwdL,Baby 95,0.7
3nlhqZHMXG2A5UkW633wwx,Samba in Paris,2saiiXH63lUebPVEFf0Ysa,CHARME,0.7
3nlhqZHMXG2A5UkW633wwx,Samba in Paris,6YaD8CoJIb0HGulK8n21RZ,Códigos,0.7
3nlhqZHMXG2A5UkW633wwx,Samba in Paris,28QD38TKusAwVZ89kKlqrj,um amor calmo,0.7
3nlhqZHMXG2A5UkW633wwx,Samba in Paris,0bxPRWprUVpQK0UFcddkrA,Folded,0.7
3nlhqZHMXG2A5UkW633wwx,Samba in Paris,2phXJtsC5wgx8eUp1igDCi,Presente,0.7
4OBZT9EnhYIV17t4pGw7ig,Best Part (feat. H.E.R.),21nV7Brjy93nQPM98QwIfr,VELUDO MARROM,0.7
4OBZT9EnhYIV17t4pGw7ig,Best Part (feat. H.E.R.),0SCIwbS0Q4etwJmDyNjHaQ,Diamond Boy (DTM),0.7
4OBZT9EnhYIV17t4pGw7ig,Best Part (feat. H.E.R.),3U3hFkMr0Q90pD24EkE3Pr,BMF,0.7
4OBZT9EnhYIV17t4pGw7ig,Best Part (feat. H.E.R.),6Ry9Jqt3riMhgX46T6XwdL,Baby 95,0.7
4OBZT9EnhYIV17t4pGw7ig,Best Part (feat. H.E.R.),2saiiXH63lUebPVEFf0Ysa,CHARME,0.7
4OBZT9EnhYIV17t4pGw7ig,Best Part (feat. H.E.R.),6YaD8CoJIb0HGulK8n21RZ,Códigos,0.7
4OBZT9EnhYIV17t4pGw7ig,Best Part (feat. H.E.R.),28QD38TKusAwVZ89kKlqrj,um amor calmo,0.7
4OBZT9EnhYIV17t4pGw7ig,Best Part (feat. H.E.R.),0bxPRWprUVpQK0UFcddkrA,Folded,0.7
4OBZT9EnhYIV17t4pGw7ig,Best Part (feat. H.E.R.),2phXJtsC5wgx8eUp1igDCi,Presente,0.7
4OBZT9EnhYIV17t4pGw7ig,Best Part (feat. H.E.R.),7zFXmv6vqI4qOt4yGf3jYZ,Get You (feat. Kali Uchis),1.0
0pA1KdUSZEDAL0swN18Mh8,Consistency (feat. Jhene Aiko),3U3hFkMr0Q90pD24EkE3Pr,BMF,0.7
0pA1KdUSZEDAL0swN18Mh8,Consistency (feat. Jhene Aiko),6Ry9Jqt3riMhgX46T6XwdL,Baby 95,0.7
0pA1KdUSZEDAL0swN18Mh8,Consistency (feat. Jhene Aiko),6YaD8CoJIb0HGulK8n21RZ,Códigos,0.7
0pA1KdUSZEDAL0swN18Mh8,Consistency (feat. Jhene Aiko),6HDGusXxkSrxZ7iAKbc6eu,AMAReSÓ,0.7
0pA1KdUSZEDAL0swN18Mh8,Consistency (feat. Jhene Aiko),2saiiXH63lUebPVEFf0Ysa,CHARME,0.7
0pA1KdUSZEDAL0swN18Mh8,Consistency (feat. Jhene Aiko),2phXJtsC5wgx8eUp1igDCi,Presente,0.7
0pA1KdUSZEDAL0swN18Mh8,Consistency (feat. Jhene Aiko),28QD38TKusAwVZ89kKlqrj,um amor calmo,0.7
0pA1KdUSZEDAL0swN18Mh8,Consistency (feat. Jhene Aiko),0bxPRWprUVpQK0UFcddkrA,Folded,0.7
0pA1KdUSZEDAL0swN18Mh8,Consistency (feat. Jhene Aiko),7jmCOpVgNsBddpmWAfYJGX,Red Wine,1.0
0pA1KdUSZEDAL0swN18Mh8,Consistency (feat. Jhene Aiko),3JXF3LsUjyDIHjuwhXxdjo,Sweetest Pie,1.0
0TYsPcmqWOtPdaEXmHvNSE,Break My Heart,6CTWathupIiDs7U4InHnDA,Trip,1.0
0TYsPcmqWOtPdaEXmHvNSE,Break My Heart,3pdUv2fviypOdl1PTHDunH,This Is,1.0
0TYsPcmqWOtPdaEXmHvNSE,Break My Heart,73mtUJm1RDa0SEW3KL4ePU,Fallen Angel,1.0
0TYsPcmqWOtPdaEXmHvNSE,Break My Heart,0SbOpoBzBBCqWIcvo94JeD,Naked - Bonus Track,1.0
0TYsPcmqWOtPdaEXmHvNSE,Break My Heart,2xW3wiXtNHUsENQLrHf4X0,Feels Like,1.0
0TYsPcmqWOtPdaEXmHvNSE,Break My Heart,6w93UfN5MeXXQTrVIf5V6x,How (feat. Roddy Ricch),1.0
0TYsPcmqWOtPdaEXmHvNSE,Break My Heart,0cNc0bSxmRVhAUJVYEd2Qk,Leave You Alone,1.0
0TYsPcmqWOtPdaEXmHvNSE,Break My Heart,1liiwnCXoqwPVrC0LWxaYq,Hearts On Deck,1.0
6w93UfN5MeXXQTrVIf5V6x,How (feat. Roddy Ricch),6CTWathupIiDs7U4InHnDA,Trip,1.0
6w93UfN5MeXXQTrVIf5V6x,How (feat. Roddy Ricch),3pdUv2fviypOdl1PTHDunH,This Is,1.0
6w93UfN5MeXXQTrVIf5V6x,How (feat. Roddy Ricch),73mtUJm1RDa0SEW3KL4ePU,Fallen Angel,1.0
6w93UfN5MeXXQTrVIf5V6x,How (feat. Roddy Ricch),0SbOpoBzBBCqWIcvo94JeD,Naked - Bonus Track,1.0
6w93UfN5MeXXQTrVIf5V6x,How (feat. Roddy Ricch),2xW3wiXtNHUsENQLrHf4X0,Feels Like,1.0
6w93UfN5MeXXQTrVIf5V6x,How (feat. Roddy Ricch),0cNc0bSxmRVhAUJVYEd2Qk,Leave You Alone,1.0
6w93UfN5MeXXQTrVIf5V6x,How (feat. Roddy Ricch),1liiwnCXoqwPVrC0LWxaYq,Hearts On Deck,1.0
2xW3wiXtNHUsENQLrHf4X0,Feels Like,6CTWathupIiDs7U4InHnDA,Trip,1.0
2xW3wiXtNHUsENQLrHf4X0,Feels Like,3pdUv2fviypOdl1PTHDunH,This Is,1.0
2xW3wiXtNHUsENQLrHf4X0,Feels Like,73mtUJm1RDa0SEW3KL4ePU,Fallen Angel,1.0
2xW3wiXtNHUsENQLrHf4X0,Feels Like,0SbOpoBzBBCqWIcvo94JeD,Naked - Bonus Track,1.0
2xW3wiXtNHUsENQLrHf4X0,Feels Like,0cNc0bSxmRVhAUJVYEd2Qk,Leave You Alone,1.0
2xW3wiXtNHUsENQLrHf4X0,Feels Like,1liiwnCXoqwPVrC0LWxaYq,Hearts On Deck,1.0
0cNc0bSxmRVhAUJVYEd2Qk,Leave You Alone,6CTWathupIiDs7U4InHnDA,Trip,1.0
0cNc0bSxmRVhAUJVYEd2Qk,Leave You Alone,3pdUv2fviypOdl1PTHDunH,This Is,1.0
0cNc0bSxmRVhAUJVYEd2Qk,Leave You Alone,73mtUJm1RDa0SEW3KL4ePU,Fallen Angel,1.0
0cNc0bSxmRVhAUJVYEd2Qk,Leave You Alone,0SbOpoBzBBCqWIcvo94JeD,Naked - Bonus Track,1.0
0cNc0bSxmRVhAUJVYEd2Qk,Leave You Alone,1liiwnCXoqwPVrC0LWxaYq,Hearts On Deck,1.0
6mhwRdefbNqGiP2ZpMKY64,"Difícil Lembrar, né?",21nV7Brjy93nQPM98QwIfr,VELUDO MARROM,0.7
6mhwRdefbNqGiP2ZpMKY64,"Difícil Lembrar, né?",0SCIwbS0Q4etwJmDyNjHaQ,Diamond Boy (DTM),0.7
6mhwRdefbNqGiP2ZpMKY64,"Difícil Lembrar, né?",3U3hFkMr0Q90pD24EkE3Pr,BMF,0.7
6mhwRdefbNqGiP2ZpMKY64,"Difícil Lembrar, né?",6Ry9Jqt3riMhgX46T6XwdL,Baby 95,0.7
6mhwRdefbNqGiP2ZpMKY64,"Difícil Lembrar, né?",6HDGusXxkSrxZ7iAKbc6eu,AMAReSÓ,0.7
6mhwRdefbNqGiP2ZpMKY64,"Difícil Lembrar, né?",6YaD8CoJIb0HGulK8n21RZ,Códigos,0.7
6mhwRdefbNqGiP2ZpMKY64,"Difícil Lembrar, né?",28QD38TKusAwVZ89kKlqrj,um amor calmo,0.7
6mhwRdefbNqGiP2ZpMKY64,"Difícil Lembrar, né?",0bxPRWprUVpQK0UFcddkrA,Folded,0.7
6mhwRdefbNqGiP2ZpMKY64,"Difícil Lembrar, né?",2saiiXH63lUebPVEFf0Ysa,CHARME,0.7
6mhwRdefbNqGiP2ZpMKY64,"Difícil Lembrar, né?",2phXJtsC5wgx8eUp1igDCi,Presente,0.7
0oHUP66PMEiy7itEGM0EpY,Poesia Acústica Ep. Acabou,21nV7Brjy93nQPM98QwIfr,VELUDO MARROM,0.7
0oHUP66PMEiy7itEGM0EpY,Poesia Acústica Ep. Acabou,0SCIwbS0Q4etwJmDyNjHaQ,Diamond Boy (DTM),0.7
0oHUP66PMEiy7itEGM0EpY,Poesia Acústica Ep. Acabou,3U3hFkMr0Q90pD24EkE3Pr,BMF,0.7
0oHUP66PMEiy7itEGM0EpY,Poesia Acústica Ep. Acabou,6Ry9Jqt3riMhgX46T6XwdL,Baby 95,0.7
0oHUP66PMEiy7itEGM0EpY,Poesia Acústica Ep. Acabou,6HDGusXxkSrxZ7iAKbc6eu,AMAReSÓ,0.7
0oHUP66PMEiy7itEGM0EpY,Poesia Acústica Ep. Acabou,6YaD8CoJIb0HGulK8n21RZ,Códigos,0.7
0oHUP66PMEiy7itEGM0EpY,Poesia Acústica Ep. Acabou,28QD38TKusAwVZ89kKlqrj,um amor calmo,0.7
0oHUP66PMEiy7itEGM0EpY,Poesia Acústica Ep. Acabou,0bxPRWprUVpQK0UFcddkrA,Folded,0.7
0oHUP66PMEiy7itEGM0EpY,Poesia Acústica Ep. Acabou,2saiiXH63lUebPVEFf0Ysa,CHARME,0.7
0oHUP66PMEiy7itEGM0EpY,Poesia Acústica Ep. Acabou,2phXJtsC5wgx8eUp1igDCi,Presente,0.7
47ssddfj7Ug6hO9Ol2AXGu,Tell Me It's Over (feat. Summer Walker & 6LACK),21nV7Brjy93nQPM98QwIfr,VELUDO MARROM,0.7
47ssddfj7Ug6hO9Ol2AXGu,Tell Me It's Over (feat. Summer Walker & 6LACK),0SCIwbS0Q4etwJmDyNjHaQ,Diamond Boy (DTM),0.7
47ssddfj7Ug6hO9Ol2AXGu,Tell Me It's Over (feat. Summer Walker & 6LACK),3U3hFkMr0Q90pD24EkE3Pr,BMF,0.7
47ssddfj7Ug6hO9Ol2AXGu,Tell Me It's Over (feat. Summer Walker & 6LACK),6Ry9Jqt3riMhgX46T6XwdL,Baby 95,0.7
47ssddfj7Ug6hO9Ol2AXGu,Tell Me It's Over (feat. Summer Walker & 6LACK),6HDGusXxkSrxZ7iAKbc6eu,AMAReSÓ,0.7
47ssddfj7Ug6hO9Ol2AXGu,Tell Me It's Over (feat. Summer Walker & 6LACK),6YaD8CoJIb0HGulK8n21RZ,Códigos,0.7
47ssddfj7Ug6hO9Ol2AXGu,Tell Me It's Over (feat. Summer Walker & 6LACK),28QD38TKusAwVZ89kKlqrj,um amor calmo,0.7
47ssddfj7Ug6hO9Ol2AXGu,Tell Me It's Over (feat. Summer Walker & 6LACK),0bxPRWprUVpQK0UFcddkrA,Folded,0.7
47ssddfj7Ug6hO9Ol2AXGu,Tell Me It's Over (feat. Summer Walker & 6LACK),2saiiXH63lUebPVEFf0Ysa,CHARME,0.7
47ssddfj7Ug6hO9Ol2AXGu,Tell Me It's Over (feat. Summer Walker & 6LACK),2phXJtsC5wgx8eUp1igDCi,Presente,0.7
0EtTaQIiTIvivchg1JQ638,CAOS PERFEITO,0bxPRWprUVpQK0UFcddkrA,Folded,0.7
0EtTaQIiTIvivchg1JQ638,CAOS PERFEITO,69pKk61wd9HIuOqYf9y9ev,BACARDI,1.0
0EtTaQIiTIvivchg1JQ638,CAOS PERFEITO,3RZ84nOV92gBOQc1iIdIez,ligações de alma,1.0
0EtTaQIiTIvivchg1JQ638,CAOS PERFEITO,5qDsS7CUDMuHheybuyaUub,1697,1.0
0EtTaQIiTIvivchg1JQ638,CAOS PERFEITO,6l82v8lFlguhAHNQrI80iU,Corações de Pedra,1.0
0EtTaQIiTIvivchg1JQ638,CAOS PERFEITO,5BcKtF6LS3lkrByxsuew70,Amor Traumatizado,1.0
0EtTaQIiTIvivchg1JQ638,CAOS PERFEITO,426h8S29B034vwwX3uINvg,BACARDI,1.0
0EtTaQIiTIvivchg1JQ638,CAOS PERFEITO,6HDGusXxkSrxZ7iAKbc6eu,AMAReSÓ,1.0
0EtTaQIiTIvivchg1JQ638,CAOS PERFEITO,28QD38TKusAwVZ89kKlqrj,um amor calmo,1.0
0EtTaQIiTIvivchg1JQ638,CAOS PERFEITO,6YaD8CoJIb0HGulK8n21RZ,Códigos,1.0
6Ys8z2IeXc3qRXVbKjymTL,Amarrou,21nV7Brjy93nQPM98QwIfr,VELUDO MARROM,0.7
6Ys8z2IeXc3qRXVbKjymTL,Amarrou,0SCIwbS0Q4etwJmDyNjHaQ,Diamond Boy (DTM),0.7
6Ys8z2IeXc3qRXVbKjymTL,Amarrou,3U3hFkMr0Q90pD24EkE3Pr,BMF,0.7
6Ys8z2IeXc3qRXVbKjymTL,Amarrou,6Ry9Jqt3riMhgX46T6XwdL,Baby 95,0.7
6Ys8z2IeXc3qRXVbKjymTL,Amarrou,6HDGusXxkSrxZ7iAKbc6eu,AMAReSÓ,0.7
6Ys8z2IeXc3qRXVbKjymTL,Amarrou,6YaD8CoJIb0HGulK8n21RZ,Códigos,0.7
6Ys8z2IeXc3qRXVbKjymTL,Amarrou,28QD38TKusAwVZ89kKlqrj,um amor calmo,0.7
6Ys8z2IeXc3qRXVbKjymTL,Amarrou,0bxPRWprUVpQK0UFcddkrA,Folded,0.7
6Ys8z2IeXc3qRXVbKjymTL,Amarrou,2saiiXH63lUebPVEFf0Ysa,CHARME,0.7
6Ys8z2IeXc3qRXVbKjymTL,Amarrou,2phXJtsC5wgx8eUp1igDCi,Presente,0.7
2D1rmVTeaZrr5Ipow29t4b,Sintomas de Prazer,21nV7Brjy93nQPM98QwIfr,VELUDO MARROM,0.7
2D1rmVTeaZrr5Ipow29t4b,Sintomas de Prazer,0SCIwbS0Q4etwJmDyNjHaQ,Diamond Boy (DTM),0.7
2D1rmVTeaZrr5Ipow29t4b,Sintomas de Prazer,3U3hFkMr0Q90pD24EkE3Pr,BMF,0.7
2D1rmVTeaZrr5Ipow29t4b,Sintomas de Prazer,6Ry9Jqt3riMhgX46T6XwdL,Baby 95,0.7
2D1rmVTeaZrr5Ipow29t4b,Sintomas de Prazer,2saiiXH63lUebPVEFf0Ysa,CHARME,0.7
2D1rmVTeaZrr5Ipow29t4b,Sintomas de Prazer,6YaD8CoJIb0HGulK8n21RZ,Códigos,0.7
2D1rmVTeaZrr5Ipow29t4b,Sintomas de Prazer,28QD38TKusAwVZ89kKlqrj,um amor calmo,0.7
2D1rmVTeaZrr5Ipow29t4b,Sintomas de Prazer,0bxPRWprUVpQK0UFcddkrA,Folded,0.7
2D1rmVTeaZrr5Ipow29t4b,Sintomas de Prazer,2phXJtsC5wgx8eUp1igDCi,Presente,0.7
2D1rmVTeaZrr5Ipow29t4b,Sintomas de Prazer,210u8GSVwq7anEWu0e6wzL,Brigas Demais,1.0
210u8GSVwq7anEWu0e6wzL,Brigas Demais,21nV7Brjy93nQPM98QwIfr,VELUDO MARROM,0.7
210u8GSVwq7anEWu0e6wzL,Brigas Demais,0SCIwbS0Q4etwJmDyNjHaQ,Diamond Boy (DTM),0.7
210u8GSVwq7anEWu0e6wzL,Brigas Demais,3U3hFkMr0Q90pD24EkE3Pr,BMF,0.7
210u8GSVwq7anEWu0e6wzL,Brigas Demais,6Ry9Jqt3riMhgX46T6XwdL,Baby 95,0.7
210u8GSVwq7anEWu0e6wzL,Brigas Demais,2saiiXH63lUebPVEFf0Ysa,CHARME,0.7
210u8GSVwq7anEWu0e6wzL,Brigas Demais,6YaD8CoJIb0HGulK8n21RZ,Códigos,0.7
210u8GSVwq7anEWu0e6wzL,Brigas Demais,28QD38TKusAwVZ89kKlqrj,um amor calmo,0.7
210u8GSVwq7anEWu0e6wzL,Brigas Demais,0bxPRWprUVpQK0UFcddkrA,Folded,0.7
210u8GSVwq7anEWu0e6wzL,Brigas Demais,2phXJtsC5wgx8eUp1igDCi,Presente,0.7
5Gp0BMl8A4obJTIpd0qWox,Immature,21nV7Brjy93nQPM98QwIfr,VELUDO MARROM,0.7
5Gp0BMl8A4obJTIpd0qWox,Immature,0SCIwbS0Q4etwJmDyNjHaQ,Diamond Boy (DTM),0.7
5Gp0BMl8A4obJTIpd0qWox,Immature,3U3hFkMr0Q90pD24EkE3Pr,BMF,0.7
5Gp0BMl8A4obJTIpd0qWox,Immature,6Ry9Jqt3riMhgX46T6XwdL,Baby 95,0.7
5Gp0BMl8A4obJTIpd0qWox,Immature,2saiiXH63lUebPVEFf0Ysa,CHARME,0.7
5Gp0BMl8A4obJTIpd0qWox,Immature,2phXJtsC5wgx8eUp1igDCi,Presente,0.7
5Gp0BMl8A4obJTIpd0qWox,Immature,28QD38TKusAwVZ89kKlqrj,um amor calmo,0.7
5Gp0BMl8A4obJTIpd0qWox,Immature,0bxPRWprUVpQK0UFcddkrA,Folded,0.7
5Gp0BMl8A4obJTIpd0qWox,Immature,5KZVbtDMFcurkynWsncKtr,Summertime,1.0
6GQIy9IDBTKDTuFin2GYwW,bonita e miserável,3U3hFkMr0Q90pD24EkE3Pr,BMF,0.7
6GQIy9IDBTKDTuFin2GYwW,bonita e miserável,0SCIwbS0Q4etwJmDyNjHaQ,Diamond Boy (DTM),0.7
6GQIy9IDBTKDTuFin2GYwW,bonita e miserável,6Ry9Jqt3riMhgX46T6XwdL,Baby 95,0.7
6GQIy9IDBTKDTuFin2GYwW,bonita e miserável,6HDGusXxkSrxZ7iAKbc6eu,AMAReSÓ,0.7
6GQIy9IDBTKDTuFin2GYwW,bonita e miserável,2saiiXH63lUebPVEFf0Ysa,CHARME,0.7
6GQIy9IDBTKDTuFin2GYwW,bonita e miserável,6YaD8CoJIb0HGulK8n21RZ,Códigos,0.7
6GQIy9IDBTKDTuFin2GYwW,bonita e miserável,28QD38TKusAwVZ89kKlqrj,um amor calmo,0.7
6GQIy9IDBTKDTuFin2GYwW,bonita e miserável,0bxPRWprUVpQK0UFcddkrA,Folded,0.7
6GQIy9IDBTKDTuFin2GYwW,bonita e miserável,2phXJtsC5wgx8eUp1igDCi,Presente,0.7
6GQIy9IDBTKDTuFin2GYwW,bonita e miserável,2OdHk6zolfdFNuIcV4eamx,hedonista,1.0
48KXAIruJ07kJVCWOGohMV,P*$$Y Fairy (OTW),21nV7Brjy93nQPM98QwIfr,VELUDO MARROM,0.7
48KXAIruJ07kJVCWOGohMV,P*$$Y Fairy (OTW),0SCIwbS0Q4etwJmDyNjHaQ,Diamond Boy (DTM),0.7
48KXAIruJ07kJVCWOGohMV,P*$$Y Fairy (OTW),3U3hFkMr0Q90pD24EkE3Pr,BMF,0.7
48KXAIruJ07kJVCWOGohMV,P*$$Y Fairy (OTW),6Ry9Jqt3riMhgX46T6XwdL,Baby 95,0.7
48KXAIruJ07kJVCWOGohMV,P*$$Y Fairy (OTW),2saiiXH63lUebPVEFf0Ysa,CHARME,0.7
48KXAIruJ07kJVCWOGohMV,P*$$Y Fairy (OTW),6YaD8CoJIb0HGulK8n21RZ,Códigos,0.7
48KXAIruJ07kJVCWOGohMV,P*$$Y Fairy (OTW),28QD38TKusAwVZ89kKlqrj,um amor calmo,0.7
48KXAIruJ07kJVCWOGohMV,P*$$Y Fairy (OTW),0bxPRWprUVpQK0UFcddkrA,Folded,0.7
48KXAIruJ07kJVCWOGohMV,P*$$Y Fairy (OTW),2phXJtsC5wgx8eUp1igDCi,Presente,0.7
48KXAIruJ07kJVCWOGohMV,P*$$Y Fairy (OTW),63wx9vdskaXbYxyDx4oJCZ,B.S. (feat. H.E.R.),1.0
63wx9vdskaXbYxyDx4oJCZ,B.S. (feat. H.E.R.),21nV7Brjy93nQPM98QwIfr,VELUDO MARROM,0.7
63wx9vdskaXbYxyDx4oJCZ,B.S. (feat. H.E.R.),0SCIwbS0Q4etwJmDyNjHaQ,Diamond Boy (DTM),0.7
63wx9vdskaXbYxyDx4oJCZ,B.S. (feat. H.E.R.),3U3hFkMr0Q90pD24EkE3Pr,BMF,0.7
63wx9vdskaXbYxyDx4oJCZ,B.S. (feat. H.E.R.),6Ry9Jqt3riMhgX46T6XwdL,Baby 95,0.7
63wx9vdskaXbYxyDx4oJCZ,B.S. (feat. H.E.R.),2saiiXH63lUebPVEFf0Ysa,CHARME,0.7
63wx9vdskaXbYxyDx4oJCZ,B.S. (feat. H.E.R.),6YaD8CoJIb0HGulK8n21RZ,Códigos,0.7
63wx9vdskaXbYxyDx4oJCZ,B.S. (feat. H.E.R.),28QD38TKusAwVZ89kKlqrj,um amor calmo,0.7
63wx9vdskaXbYxyDx4oJCZ,B.S. (feat. H.E.R.),0bxPRWprUVpQK0UFcddkrA,Folded,0.7
63wx9vdskaXbYxyDx4oJCZ,B.S. (feat. H.E.R.),2phXJtsC5wgx8eUp1igDCi,Presente,0.7
5KZVbtDMFcurkynWsncKtr,Summertime,21nV7Brjy93nQPM98QwIfr,VELUDO MARROM,0.7
5KZVbtDMFcurkynWsncKtr,Summertime,0SCIwbS0Q4etwJmDyNjHaQ,Diamond Boy (DTM),0.7
5KZVbtDMFcurkynWsncKtr,Summertime,3U3hFkMr0Q90pD24EkE3Pr,BMF,0.7
5KZVbtDMFcurkynWsncKtr,Summertime,6Ry9Jqt3riMhgX46T6XwdL,Baby 95,0.7
5KZVbtDMFcurkynWsncKtr,Summertime,2saiiXH63lUebPVEFf0Ysa,CHARME,0.7
5KZVbtDMFcurkynWsncKtr,Summertime,2phXJtsC5wgx8eUp1igDCi,Presente,0.7
5KZVbtDMFcurkynWsncKtr,Summertime,28QD38TKusAwVZ89kKlqrj,um amor calmo,0.7
5KZVbtDMFcurkynWsncKtr,Summertime,0bxPRWprUVpQK0UFcddkrA,Folded,0.7
7EkiMl81fUHVwpItgtzI4r,I'll Kill You (feat. Jhené Aiko),21nV7Brjy93nQPM98QwIfr,VELUDO MARROM,0.7
7EkiMl81fUHVwpItgtzI4r,I'll Kill You (feat. Jhené Aiko),0SCIwbS0Q4etwJmDyNjHaQ,Diamond Boy (DTM),0.7
7EkiMl81fUHVwpItgtzI4r,I'll Kill You (feat. Jhené Aiko),3U3hFkMr0Q90pD24EkE3Pr,BMF,0.7
7EkiMl81fUHVwpItgtzI4r,I'll Kill You (feat. Jhené Aiko),6Ry9Jqt3riMhgX46T6XwdL,Baby 95,0.7
7EkiMl81fUHVwpItgtzI4r,I'll Kill You (feat. Jhené Aiko),2phXJtsC5wgx8eUp1igDCi,Presente,0.7
7EkiMl81fUHVwpItgtzI4r,I'll Kill You (feat. Jhené Aiko),1De7cOMrdUnVpjWBaowMg4,Ex For A Reason (with JT from City Girls),1.0
7EkiMl81fUHVwpItgtzI4r,I'll Kill You (feat. Jhené Aiko),21DN44aYlSoyfOQcboC0IP,Throw It Away,1.0
7EkiMl81fUHVwpItgtzI4r,I'll Kill You (feat. Jhené Aiko),4CNzuSQoL5jgCxzYmuMvcz,Like It (with 6LACK),1.0
2QdVcmVPIxW826rRJDf58l,Face To Face,21nV7Brjy93nQPM98QwIfr,VELUDO MARROM,0.7
2QdVcmVPIxW826rRJDf58l,Face To Face,0SCIwbS0Q4etwJmDyNjHaQ,Diamond Boy (DTM),0.7
2QdVcmVPIxW826rRJDf58l,Face To Face,3U3hFkMr0Q90pD24EkE3Pr,BMF,0.7
2QdVcmVPIxW826rRJDf58l,Face To Face,6Ry9Jqt3riMhgX46T6XwdL,Baby 95,0.7
2QdVcmVPIxW826rRJDf58l,Face To Face,6HDGusXxkSrxZ7iAKbc6eu,AMAReSÓ,0.7
2QdVcmVPIxW826rRJDf58l,Face To Face,6YaD8CoJIb0HGulK8n21RZ,Códigos,0.7
2QdVcmVPIxW826rRJDf58l,Face To Face,28QD38TKusAwVZ89kKlqrj,um amor calmo,0.7
2QdVcmVPIxW826rRJDf58l,Face To Face,0bxPRWprUVpQK0UFcddkrA,Folded,0.7
2QdVcmVPIxW826rRJDf58l,Face To Face,2saiiXH63lUebPVEFf0Ysa,CHARME,0.7
2QdVcmVPIxW826rRJDf58l,Face To Face,2phXJtsC5wgx8eUp1igDCi,Presente,0.7
3goYw6YHoCjA1sfBzpdgzH,CAROLINA,21nV7Brjy93nQPM98QwIfr,VELUDO MARROM,0.7
3goYw6YHoCjA1sfBzpdgzH,CAROLINA,0SCIwbS0Q4etwJmDyNjHaQ,Diamond Boy (DTM),0.7
3goYw6YHoCjA1sfBzpdgzH,CAROLINA,3U3hFkMr0Q90pD24EkE3Pr,BMF,0.7
3goYw6YHoCjA1sfBzpdgzH,CAROLINA,6Ry9Jqt3riMhgX46T6XwdL,Baby 95,0.7
3goYw6YHoCjA1sfBzpdgzH,CAROLINA,2saiiXH63lUebPVEFf0Ysa,CHARME,0.7
3goYw6YHoCjA1sfBzpdgzH,CAROLINA,6YaD8CoJIb0HGulK8n21RZ,Códigos,0.7
3goYw6YHoCjA1sfBzpdgzH,CAROLINA,28QD38TKusAwVZ89kKlqrj,um amor calmo,0.7
3goYw6YHoCjA1sfBzpdgzH,CAROLINA,0bxPRWprUVpQK0UFcddkrA,Folded,0.7
3goYw6YHoCjA1sfBzpdgzH,CAROLINA,2phXJtsC5wgx8eUp1igDCi,Presente,0.7
3goYw6YHoCjA1sfBzpdgzH,CAROLINA,6KCvMsAiL6WseKEFsWoPgc,MERCURIO,1.0
0SbOpoBzBBCqWIcvo94JeD,Naked - Bonus Track,6CTWathupIiDs7U4InHnDA,Trip,1.0
0SbOpoBzBBCqWIcvo94JeD,Naked - Bonus Track,3pdUv2fviypOdl1PTHDunH,This Is,1.0
0SbOpoBzBBCqWIcvo94JeD,Naked - Bonus Track,73mtUJm1RDa0SEW3KL4ePU,Fallen Angel,1.0
0SbOpoBzBBCqWIcvo94JeD,Naked - Bonus Track,1liiwnCXoqwPVrC0LWxaYq,Hearts On Deck,1.0
1CXLy7cfmAuxoIYcVM3wtK,Tell Em,21nV7Brjy93nQPM98QwIfr,VELUDO MARROM,0.7
1CXLy7cfmAuxoIYcVM3wtK,Tell Em,0SCIwbS0Q4etwJmDyNjHaQ,Diamond Boy (DTM),0.7
1CXLy7cfmAuxoIYcVM3wtK,Tell Em,3U3hFkMr0Q90pD24EkE3Pr,BMF,0.7
1CXLy7cfmAuxoIYcVM3wtK,Tell Em,6Ry9Jqt3riMhgX46T6XwdL,Baby 95,0.7
1CXLy7cfmAuxoIYcVM3wtK,Tell Em,2saiiXH63lUebPVEFf0Ysa,CHARME,0.7
1CXLy7cfmAuxoIYcVM3wtK,Tell Em,2phXJtsC5wgx8eUp1igDCi,Presente,0.7
1CXLy7cfmAuxoIYcVM3wtK,Tell Em,0bxPRWprUVpQK0UFcddkrA,Folded,0.7
1CXLy7cfmAuxoIYcVM3wtK,Tell Em,27B9H3cOefm9lWDfh9A0gj,Take Off All Your Cool,1.0
27B9H3cOefm9lWDfh9A0gj,Take Off All Your Cool,21nV7Brjy93nQPM98QwIfr,VELUDO MARROM,0.7
27B9H3cOefm9lWDfh9A0gj,Take Off All Your Cool,0SCIwbS0Q4etwJmDyNjHaQ,Diamond Boy (DTM),0.7
27B9H3cOefm9lWDfh9A0gj,Take Off All Your Cool,3U3hFkMr0Q90pD24EkE3Pr,BMF,0.7
27B9H3cOefm9lWDfh9A0gj,Take Off All Your Cool,6Ry9Jqt3riMhgX46T6XwdL,Baby 95,0.7
27B9H3cOefm9lWDfh9A0gj,Take Off All Your Cool,2saiiXH63lUebPVEFf0Ysa,CHARME,0.7
27B9H3cOefm9lWDfh9A0gj,Take Off All Your Cool,2phXJtsC5wgx8eUp1igDCi,Presente,0.7
27B9H3cOefm9lWDfh9A0gj,Take Off All Your Cool,0bxPRWprUVpQK0UFcddkrA,Folded,0.7
0QUbiLQySWPq5Lh3f7A9bN,Hate the Club (feat. Masego),1Fraz3CzCuOULnToogIwWW,Bad News,1.0
0QUbiLQySWPq5Lh3f7A9bN,Hate the Club (feat. Masego),0uDdI4fAXCuNhQbmxENdsO,Can I,1.0
0QUbiLQySWPq5Lh3f7A9bN,Hate the Club (feat. Masego),4k6hX9RKD096K1NCjjJZLc,Footsteps (feat. Musiq Soulchild),1.0
0QUbiLQySWPq5Lh3f7A9bN,Hate the Club (feat. Masego),0bxPRWprUVpQK0UFcddkrA,Folded,1.0
6f7BE3VcZScJx6n3wsf5Z3,I Like U,21nV7Brjy93nQPM98QwIfr,VELUDO MARROM,0.7
6f7BE3VcZScJx6n3wsf5Z3,I Like U,0SCIwbS0Q4etwJmDyNjHaQ,Diamond Boy (DTM),0.7
6f7BE3VcZScJx6n3wsf5Z3,I Like U,3U3hFkMr0Q90pD24EkE3Pr,BMF,0.7
6f7BE3VcZScJx6n3wsf5Z3,I Like U,6Ry9Jqt3riMhgX46T6XwdL,Baby 95,0.7
6f7BE3VcZScJx6n3wsf5Z3,I Like U,6HDGusXxkSrxZ7iAKbc6eu,AMAReSÓ,0.7
6f7BE3VcZScJx6n3wsf5Z3,I Like U,6YaD8CoJIb0HGulK8n21RZ,Códigos,0.7
6f7BE3VcZScJx6n3wsf5Z3,I Like U,28QD38TKusAwVZ89kKlqrj,um amor calmo,0.7
6f7BE3VcZScJx6n3wsf5Z3,I Like U,0bxPRWprUVpQK0UFcddkrA,Folded,0.7
6f7BE3VcZScJx6n3wsf5Z3,I Like U,2saiiXH63lUebPVEFf0Ysa,CHARME,0.7
6f7BE3VcZScJx6n3wsf5Z3,I Like U,2phXJtsC5wgx8eUp1igDCi,Presente,0.7
2UqMwz0vqVDdkLHZrzSLOp,Seamless (with Kehlani),21nV7Brjy93nQPM98QwIfr,VELUDO MARROM,0.7
2UqMwz0vqVDdkLHZrzSLOp,Seamless (with Kehlani),0SCIwbS0Q4etwJmDyNjHaQ,Diamond Boy (DTM),0.7
2UqMwz0vqVDdkLHZrzSLOp,Seamless (with Kehlani),3U3hFkMr0Q90pD24EkE3Pr,BMF,0.7
2UqMwz0vqVDdkLHZrzSLOp,Seamless (with Kehlani),6Ry9Jqt3riMhgX46T6XwdL,Baby 95,0.7
2UqMwz0vqVDdkLHZrzSLOp,Seamless (with Kehlani),6HDGusXxkSrxZ7iAKbc6eu,AMAReSÓ,0.7
2UqMwz0vqVDdkLHZrzSLOp,Seamless (with Kehlani),6YaD8CoJIb0HGulK8n21RZ,Códigos,0.7
2UqMwz0vqVDdkLHZrzSLOp,Seamless (with Kehlani),28QD38TKusAwVZ89kKlqrj,um amor calmo,0.7
2UqMwz0vqVDdkLHZrzSLOp,Seamless (with Kehlani),0bxPRWprUVpQK0UFcddkrA,Folded,0.7
2UqMwz0vqVDdkLHZrzSLOp,Seamless (with Kehlani),2saiiXH63lUebPVEFf0Ysa,CHARME,0.7
2UqMwz0vqVDdkLHZrzSLOp,Seamless (with Kehlani),2phXJtsC5wgx8eUp1igDCi,Presente,0.7
4hS7b55aChkN6FePTc6CeD,Voicemail (feat. Kiana Ledé),21nV7Brjy93nQPM98QwIfr,VELUDO MARROM,0.7
4hS7b55aChkN6FePTc6CeD,Voicemail (feat. Kiana Ledé),0SCIwbS0Q4etwJmDyNjHaQ,Diamond Boy (DTM),0.7
4hS7b55aChkN6FePTc6CeD,Voicemail (feat. Kiana Ledé),3U3hFkMr0Q90pD24EkE3Pr,BMF,0.7
4hS7b55aChkN6FePTc6CeD,Voicemail (feat. Kiana Ledé),6Ry9Jqt3riMhgX46T6XwdL,Baby 95,0.7
4hS7b55aChkN6FePTc6CeD,Voicemail (feat. Kiana Ledé),2saiiXH63lUebPVEFf0Ysa,CHARME,0.7
4hS7b55aChkN6FePTc6CeD,Voicemail (feat. Kiana Ledé),6YaD8CoJIb0HGulK8n21RZ,Códigos,0.7
4hS7b55aChkN6FePTc6CeD,Voicemail (feat. Kiana Ledé),28QD38TKusAwVZ89kKlqrj,um amor calmo,0.7
4hS7b55aChkN6FePTc6CeD,Voicemail (feat. Kiana Ledé),0bxPRWprUVpQK0UFcddkrA,Folded,0.7
4hS7b55aChkN6FePTc6CeD,Voicemail (feat. Kiana Ledé),2phXJtsC5wgx8eUp1igDCi,Presente,0.7
3unpulZnIiKRZ4MCymHfXx,Smoke (feat. Lucky Daye),21nV7Brjy93nQPM98QwIfr,VELUDO MARROM,0.7
3unpulZnIiKRZ4MCymHfXx,Smoke (feat. Lucky Daye),0SCIwbS0Q4etwJmDyNjHaQ,Diamond Boy (DTM),0.7
3unpulZnIiKRZ4MCymHfXx,Smoke (feat. Lucky Daye),3U3hFkMr0Q90pD24EkE3Pr,BMF,0.7
3unpulZnIiKRZ4MCymHfXx,Smoke (feat. Lucky Daye),6Ry9Jqt3riMhgX46T6XwdL,Baby 95,0.7
3unpulZnIiKRZ4MCymHfXx,Smoke (feat. Lucky Daye),2saiiXH63lUebPVEFf0Ysa,CHARME,0.7
3unpulZnIiKRZ4MCymHfXx,Smoke (feat. Lucky Daye),2phXJtsC5wgx8eUp1igDCi,Presente,0.7
3unpulZnIiKRZ4MCymHfXx,Smoke (feat. Lucky Daye),28QD38TKusAwVZ89kKlqrj,um amor calmo,0.7
3unpulZnIiKRZ4MCymHfXx,Smoke (feat. Lucky Daye),0bxPRWprUVpQK0UFcddkrA,Folded,0.7
3unpulZnIiKRZ4MCymHfXx,Smoke (feat. Lucky Daye),7DswEZZthZ6piQpL25qGAM,On My Mama,1.0
3pdUv2fviypOdl1PTHDunH,This Is,6CTWathupIiDs7U4InHnDA,Trip,1.0
3pdUv2fviypOdl1PTHDunH,This Is,73mtUJm1RDa0SEW3KL4ePU,Fallen Angel,1.0
3pdUv2fviypOdl1PTHDunH,This Is,1liiwnCXoqwPVrC0LWxaYq,Hearts On Deck,1.0
6CTWathupIiDs7U4InHnDA,Trip,73mtUJm1RDa0SEW3KL4ePU,Fallen Angel,1.0
6CTWathupIiDs7U4InHnDA,Trip,1liiwnCXoqwPVrC0LWxaYq,Hearts On Deck,1.0
69pKk61wd9HIuOqYf9y9ev,BACARDI,0bxPRWprUVpQK0UFcddkrA,Folded,0.7
69pKk61wd9HIuOqYf9y9ev,BACARDI,3RZ84nOV92gBOQc1iIdIez,ligações de alma,1.0
69pKk61wd9HIuOqYf9y9ev,BACARDI,5qDsS7CUDMuHheybuyaUub,1697,1.0
69pKk61wd9HIuOqYf9y9ev,BACARDI,6l82v8lFlguhAHNQrI80iU,Corações de Pedra,1.0
69pKk61wd9HIuOqYf9y9ev,BACARDI,5BcKtF6LS3lkrByxsuew70,Amor Traumatizado,1.0
69pKk61wd9HIuOqYf9y9ev,BACARDI,426h8S29B034vwwX3uINvg,BACARDI,1.0
69pKk61wd9HIuOqYf9y9ev,BACARDI,6HDGusXxkSrxZ7iAKbc6eu,AMAReSÓ,1.0
69pKk61wd9HIuOqYf9y9ev,BACARDI,28QD38TKusAwVZ89kKlqrj,um amor calmo,1.0
69pKk61wd9HIuOqYf9y9ev,BACARDI,6YaD8CoJIb0HGulK8n21RZ,Códigos,1.0
21DN44aYlSoyfOQcboC0IP,Throw It Away,21nV7Brjy93nQPM98QwIfr,VELUDO MARROM,0.7
21DN44aYlSoyfOQcboC0IP,Throw It Away,0SCIwbS0Q4etwJmDyNjHaQ,Diamond Boy (DTM),0.7
21DN44aYlSoyfOQcboC0IP,Throw It Away,3U3hFkMr0Q90pD24EkE3Pr,BMF,0.7
21DN44aYlSoyfOQcboC0IP,Throw It Away,6Ry9Jqt3riMhgX46T6XwdL,Baby 95,0.7
21DN44aYlSoyfOQcboC0IP,Throw It Away,2phXJtsC5wgx8eUp1igDCi,Presente,0.7
21DN44aYlSoyfOQcboC0IP,Throw It Away,1De7cOMrdUnVpjWBaowMg4,Ex For A Reason (with JT from City Girls),1.0
21DN44aYlSoyfOQcboC0IP,Throw It Away,4CNzuSQoL5jgCxzYmuMvcz,Like It (with 6LACK),1.0
3RZ84nOV92gBOQc1iIdIez,ligações de alma,0bxPRWprUVpQK0UFcddkrA,Folded,0.7
3RZ84nOV92gBOQc1iIdIez,ligações de alma,5qDsS7CUDMuHheybuyaUub,1697,1.0
3RZ84nOV92gBOQc1iIdIez,ligações de alma,6l82v8lFlguhAHNQrI80iU,Corações de Pedra,1.0
3RZ84nOV92gBOQc1iIdIez,ligações de alma,5BcKtF6LS3lkrByxsuew70,Amor Traumatizado,1.0
3RZ84nOV92gBOQc1iIdIez,ligações de alma,426h8S29B034vwwX3uINvg,BACARDI,1.0
3RZ84nOV92gBOQc1iIdIez,ligações de alma,6HDGusXxkSrxZ7iAKbc6eu,AMAReSÓ,1.0
3RZ84nOV92gBOQc1iIdIez,ligações de alma,28QD38TKusAwVZ89kKlqrj,um amor calmo,1.0
3RZ84nOV92gBOQc1iIdIez,ligações de alma,6YaD8CoJIb0HGulK8n21RZ,Códigos,1.0
4iZ4pt7kvcaH6Yo8UoZ4s2,Snooze,74NI58MQexwZjNu1Gu6GjT,Far,1.0
4iZ4pt7kvcaH6Yo8UoZ4s2,Snooze,3U3hFkMr0Q90pD24EkE3Pr,BMF,1.0
4iZ4pt7kvcaH6Yo8UoZ4s2,Snooze,1bjeWoagtHmUKputLVyDxQ,Saturn,1.0
4iZ4pt7kvcaH6Yo8UoZ4s2,Snooze,5wTVNpi5WDByxBgKgUE6MU,Supermodel,1.0
4iZ4pt7kvcaH6Yo8UoZ4s2,Snooze,6jTQijAuYxOd8DjQ8D6UkL,What Do I Do,1.0
4iZ4pt7kvcaH6Yo8UoZ4s2,Snooze,0SCIwbS0Q4etwJmDyNjHaQ,Diamond Boy (DTM),1.0
74NI58MQexwZjNu1Gu6GjT,Far,3U3hFkMr0Q90pD24EkE3Pr,BMF,1.0
74NI58MQexwZjNu1Gu6GjT,Far,1bjeWoagtHmUKputLVyDxQ,Saturn,1.0
74NI58MQexwZjNu1Gu6GjT,Far,5wTVNpi5WDByxBgKgUE6MU,Supermodel,1.0
74NI58MQexwZjNu1Gu6GjT,Far,6jTQijAuYxOd8DjQ8D6UkL,What Do I Do,1.0
74NI58MQexwZjNu1Gu6GjT,Far,0SCIwbS0Q4etwJmDyNjHaQ,Diamond Boy (DTM),1.0
2N0SPREDYqILVEFSsWF5N5,Love Me Again,21nV7Brjy93nQPM98QwIfr,VELUDO MARROM,0.7
2N0SPREDYqILVEFSsWF5N5,Love Me Again,0SCIwbS0Q4etwJmDyNjHaQ,Diamond Boy (DTM),0.7
2N0SPREDYqILVEFSsWF5N5,Love Me Again,3U3hFkMr0Q90pD24EkE3Pr,BMF,0.7
2N0SPREDYqILVEFSsWF5N5,Love Me Again,6Ry9Jqt3riMhgX46T6XwdL,Baby 95,0.7
2N0SPREDYqILVEFSsWF5N5,Love Me Again,2saiiXH63lUebPVEFf0Ysa,CHARME,0.7
2N0SPREDYqILVEFSsWF5N5,Love Me Again,2phXJtsC5wgx8eUp1igDCi,Presente,0.7
2N0SPREDYqILVEFSsWF5N5,Love Me Again,54bg1e6ABcZfpU3yzwxnPf,Rainy Days,1.0
2N0SPREDYqILVEFSsWF5N5,Love Me Again,4HAOgAnILvXCbSODMoRnmD,For Us,1.0
2N0SPREDYqILVEFSsWF5N5,Love Me Again,7pgbDdy7ax962o9d2xJceV,Slow Dancing (Piano Ver.),1.0
2N0SPREDYqILVEFSsWF5N5,Love Me Again,2UU11hvjN1JIn4iihEodNT,Blue,1.0
54bg1e6ABcZfpU3yzwxnPf,Rainy Days,21nV7Brjy93nQPM98QwIfr,VELUDO MARROM,0.7
54bg1e6ABcZfpU3yzwxnPf,Rainy Days,0SCIwbS0Q4etwJmDyNjHaQ,Diamond Boy (DTM),0.7
54bg1e6ABcZfpU3yzwxnPf,Rainy Days,3U3hFkMr0Q90pD24EkE3Pr,BMF,0.7
54bg1e6ABcZfpU3yzwxnPf,Rainy Days,6Ry9Jqt3riMhgX46T6XwdL,Baby 95,0.7
54bg1e6ABcZfpU3yzwxnPf,Rainy Days,2saiiXH63lUebPVEFf0Ysa,CHARME,0.7
54bg1e6ABcZfpU3yzwxnPf,Rainy Days,2phXJtsC5wgx8eUp1igDCi,Presente,0.7
54bg1e6ABcZfpU3yzwxnPf,Rainy Days,4HAOgAnILvXCbSODMoRnmD,For Us,1.0
54bg1e6ABcZfpU3yzwxnPf,Rainy Days,7pgbDdy7ax962o9d2xJceV,Slow Dancing (Piano Ver.),1.0
54bg1e6ABcZfpU3yzwxnPf,Rainy Days,2UU11hvjN1JIn4iihEodNT,Blue,1.0
4HAOgAnILvXCbSODMoRnmD,For Us,21nV7Brjy93nQPM98QwIfr,VELUDO MARROM,0.7
4HAOgAnILvXCbSODMoRnmD,For Us,0SCIwbS0Q4etwJmDyNjHaQ,Diamond Boy (DTM),0.7
4HAOgAnILvXCbSODMoRnmD,For Us,3U3hFkMr0Q90pD24EkE3Pr,BMF,0.7
4HAOgAnILvXCbSODMoRnmD,For Us,6Ry9Jqt3riMhgX46T6XwdL,Baby 95,0.7
4HAOgAnILvXCbSODMoRnmD,For Us,2saiiXH63lUebPVEFf0Ysa,CHARME,0.7
4HAOgAnILvXCbSODMoRnmD,For Us,2phXJtsC5wgx8eUp1igDCi,Presente,0.7
4HAOgAnILvXCbSODMoRnmD,For Us,7pgbDdy7ax962o9d2xJceV,Slow Dancing (Piano Ver.),1.0
4HAOgAnILvXCbSODMoRnmD,For Us,2UU11hvjN1JIn4iihEodNT,Blue,1.0
2UU11hvjN1JIn4iihEodNT,Blue,21nV7Brjy93nQPM98QwIfr,VELUDO MARROM,0.7
2UU11hvjN1JIn4iihEodNT,Blue,0SCIwbS0Q4etwJmDyNjHaQ,Diamond Boy (DTM),0.7
2UU11hvjN1JIn4iihEodNT,Blue,3U3hFkMr0Q90pD24EkE3Pr,BMF,0.7
2UU11hvjN1JIn4iihEodNT,Blue,6Ry9Jqt3riMhgX46T6XwdL,Baby 95,0.7
2UU11hvjN1JIn4iihEodNT,Blue,2saiiXH63lUebPVEFf0Ysa,CHARME,0.7
2UU11hvjN1JIn4iihEodNT,Blue,2phXJtsC5wgx8eUp1igDCi,Presente,0.7
2UU11hvjN1JIn4iihEodNT,Blue,7pgbDdy7ax962o9d2xJceV,Slow Dancing (Piano Ver.),1.0
7zFXmv6vqI4qOt4yGf3jYZ,Get You (feat. Kali Uchis),21nV7Brjy93nQPM98QwIfr,VELUDO MARROM,0.7
7zFXmv6vqI4qOt4yGf3jYZ,Get You (feat. Kali Uchis),0SCIwbS0Q4etwJmDyNjHaQ,Diamond Boy (DTM),0.7
7zFXmv6vqI4qOt4yGf3jYZ,Get You (feat. Kali Uchis),3U3hFkMr0Q90pD24EkE3Pr,BMF,0.7
7zFXmv6vqI4qOt4yGf3jYZ,Get You (feat. Kali Uchis),6Ry9Jqt3riMhgX46T6XwdL,Baby 95,0.7
7zFXmv6vqI4qOt4yGf3jYZ,Get You (feat. Kali Uchis),2saiiXH63lUebPVEFf0Ysa,CHARME,0.7
7zFXmv6vqI4qOt4yGf3jYZ,Get You (feat. Kali Uchis),6YaD8CoJIb0HGulK8n21RZ,Códigos,0.7
7zFXmv6vqI4qOt4yGf3jYZ,Get You (feat. Kali Uchis),28QD38TKusAwVZ89kKlqrj,um amor calmo,0.7
7zFXmv6vqI4qOt4yGf3jYZ,Get You (feat. Kali Uchis),0bxPRWprUVpQK0UFcddkrA,Folded,0.7
7zFXmv6vqI4qOt4yGf3jYZ,Get You (feat. Kali Uchis),2phXJtsC5wgx8eUp1igDCi,Presente,0.7
0xJWNEUYTU5tle6ezjf0gE,Mad At Me.,7hYec1vvRkr9EguGV1IBYH,Promise Me,1.0
0xJWNEUYTU5tle6ezjf0gE,Mad At Me.,5ZWbzxXxywmBQI0eHDUmLV,Same Type,1.0
0xJWNEUYTU5tle6ezjf0gE,Mad At Me.,4hT5mhLsU88gfHLp4NNLiP,Feel A Way.,1.0
0xJWNEUYTU5tle6ezjf0gE,Mad At Me.,1VzRN9cI7H5NWILRuOXvz3,Bitter Bitch - INTROlude,1.0
0xJWNEUYTU5tle6ezjf0gE,Mad At Me.,02gFgSPCOx4q306IAji6gt,Damage,1.0
0xJWNEUYTU5tle6ezjf0gE,Mad At Me.,4uMvvCwqs046uxyJiFJTT1,Forfeit. (ft. Lucky Daye),1.0
0xJWNEUYTU5tle6ezjf0gE,Mad At Me.,3ixt0k3COtat3YWQtoQMmN,Burn It Up,1.0
0xJWNEUYTU5tle6ezjf0gE,Mad At Me.,4CDIfDhXDeewj7x0U4AT4i,Natural,1.0
5ngJKkOmjkN460b2ApBnLk,Don't,0bxPRWprUVpQK0UFcddkrA,Folded,0.7
5ngJKkOmjkN460b2ApBnLk,Don't,28QD38TKusAwVZ89kKlqrj,um amor calmo,0.7
5ngJKkOmjkN460b2ApBnLk,Don't,6YaD8CoJIb0HGulK8n21RZ,Códigos,0.7
5ngJKkOmjkN460b2ApBnLk,Don't,6HDGusXxkSrxZ7iAKbc6eu,AMAReSÓ,0.7
5ngJKkOmjkN460b2ApBnLk,Don't,2phXJtsC5wgx8eUp1igDCi,Presente,0.7
5ngJKkOmjkN460b2ApBnLk,Don't,4MdYt1MK3nwqdrf80anjEQ,l'olympia,1.0
5ngJKkOmjkN460b2ApBnLk,Don't,6PUcucXjfFBZoDdEovYfmm,rightontime,1.0
5ngJKkOmjkN460b2ApBnLk,Don't,4qrCMSDCJQu5yo0OeTc9jh,voicemail,1.0
5ngJKkOmjkN460b2ApBnLk,Don't,5pJdqRR48uFrq1C6Z6Cvjm,Say Less,1.0
1WM8ow5z3QyLEB5br1u7Y5,PELEAS,21nV7Brjy93nQPM98QwIfr,VELUDO MARROM,0.7
1WM8ow5z3QyLEB5br1u7Y5,PELEAS,0SCIwbS0Q4etwJmDyNjHaQ,Diamond Boy (DTM),0.7
1WM8ow5z3QyLEB5br1u7Y5,PELEAS,3U3hFkMr0Q90pD24EkE3Pr,BMF,0.7
1WM8ow5z3QyLEB5br1u7Y5,PELEAS,6Ry9Jqt3riMhgX46T6XwdL,Baby 95,0.7
1WM8ow5z3QyLEB5br1u7Y5,PELEAS,2saiiXH63lUebPVEFf0Ysa,CHARME,0.7
1WM8ow5z3QyLEB5br1u7Y5,PELEAS,6YaD8CoJIb0HGulK8n21RZ,Códigos,0.7
1WM8ow5z3QyLEB5br1u7Y5,PELEAS,28QD38TKusAwVZ89kKlqrj,um amor calmo,0.7
1WM8ow5z3QyLEB5br1u7Y5,PELEAS,0bxPRWprUVpQK0UFcddkrA,Folded,0.7
1WM8ow5z3QyLEB5br1u7Y5,PELEAS,2phXJtsC5wgx8eUp1igDCi,Presente,0.7
6KCvMsAiL6WseKEFsWoPgc,MERCURIO,21nV7Brjy93nQPM98QwIfr,VELUDO MARROM,0.7
6KCvMsAiL6WseKEFsWoPgc,MERCURIO,0SCIwbS0Q4etwJmDyNjHaQ,Diamond Boy (DTM),0.7
6KCvMsAiL6WseKEFsWoPgc,MERCURIO,3U3hFkMr0Q90pD24EkE3Pr,BMF,0.7
6KCvMsAiL6WseKEFsWoPgc,MERCURIO,6Ry9Jqt3riMhgX46T6XwdL,Baby 95,0.7
6KCvMsAiL6WseKEFsWoPgc,MERCURIO,2saiiXH63lUebPVEFf0Ysa,CHARME,0.7
6KCvMsAiL6WseKEFsWoPgc,MERCURIO,6YaD8CoJIb0HGulK8n21RZ,Códigos,0.7
6KCvMsAiL6WseKEFsWoPgc,MERCURIO,28QD38TKusAwVZ89kKlqrj,um amor calmo,0.7
6KCvMsAiL6WseKEFsWoPgc,MERCURIO,0bxPRWprUVpQK0UFcddkrA,Folded,0.7
6KCvMsAiL6WseKEFsWoPgc,MERCURIO,2phXJtsC5wgx8eUp1igDCi,Presente,0.7
7DswEZZthZ6piQpL25qGAM,On My Mama,21nV7Brjy93nQPM98QwIfr,VELUDO MARROM,0.7
7DswEZZthZ6piQpL25qGAM,On My Mama,0SCIwbS0Q4etwJmDyNjHaQ,Diamond Boy (DTM),0.7
7DswEZZthZ6piQpL25qGAM,On My Mama,3U3hFkMr0Q90pD24EkE3Pr,BMF,0.7
7DswEZZthZ6piQpL25qGAM,On My Mama,6Ry9Jqt3riMhgX46T6XwdL,Baby 95,0.7
7DswEZZthZ6piQpL25qGAM,On My Mama,2saiiXH63lUebPVEFf0Ysa,CHARME,0.7
7DswEZZthZ6piQpL25qGAM,On My Mama,2phXJtsC5wgx8eUp1igDCi,Presente,0.7
7DswEZZthZ6piQpL25qGAM,On My Mama,28QD38TKusAwVZ89kKlqrj,um amor calmo,0.7
7DswEZZthZ6piQpL25qGAM,On My Mama,0bxPRWprUVpQK0UFcddkrA,Folded,0.7
2v92oN27BTO98W6xcQHlMu,Magic,7hYec1vvRkr9EguGV1IBYH,Promise Me,1.0
2v92oN27BTO98W6xcQHlMu,Magic,5ZWbzxXxywmBQI0eHDUmLV,Same Type,1.0
2v92oN27BTO98W6xcQHlMu,Magic,4hT5mhLsU88gfHLp4NNLiP,Feel A Way.,1.0
2v92oN27BTO98W6xcQHlMu,Magic,1VzRN9cI7H5NWILRuOXvz3,Bitter Bitch - INTROlude,1.0
2v92oN27BTO98W6xcQHlMu,Magic,02gFgSPCOx4q306IAji6gt,Damage,1.0
2v92oN27BTO98W6xcQHlMu,Magic,4uMvvCwqs046uxyJiFJTT1,Forfeit. (ft. Lucky Daye),1.0
2v92oN27BTO98W6xcQHlMu,Magic,3ixt0k3COtat3YWQtoQMmN,Burn It Up,1.0
2v92oN27BTO98W6xcQHlMu,Magic,4CDIfDhXDeewj7x0U4AT4i,Natural,1.0
5ZWbzxXxywmBQI0eHDUmLV,Same Type,7hYec1vvRkr9EguGV1IBYH,Promise Me,1.0
5ZWbzxXxywmBQI0eHDUmLV,Same Type,4hT5mhLsU88gfHLp4NNLiP,Feel A Way.,1.0
5ZWbzxXxywmBQI0eHDUmLV,Same Type,1VzRN9cI7H5NWILRuOXvz3,Bitter Bitch - INTROlude,1.0
5ZWbzxXxywmBQI0eHDUmLV,Same Type,02gFgSPCOx4q306IAji6gt,Damage,1.0
5ZWbzxXxywmBQI0eHDUmLV,Same Type,4uMvvCwqs046uxyJiFJTT1,Forfeit. (ft. Lucky Daye),1.0
5ZWbzxXxywmBQI0eHDUmLV,Same Type,3ixt0k3COtat3YWQtoQMmN,Burn It Up,1.0
5ZWbzxXxywmBQI0eHDUmLV,Same Type,4CDIfDhXDeewj7x0U4AT4i,Natural,1.0
58z9odzkFuph91CkBcmOzY,Deeper,4hT5mhLsU88gfHLp4NNLiP,Feel A Way.,1.0
58z9odzkFuph91CkBcmOzY,Deeper,1VzRN9cI7H5NWILRuOXvz3,Bitter Bitch - INTROlude,1.0
58z9odzkFuph91CkBcmOzY,Deeper,7hYec1vvRkr9EguGV1IBYH,Promise Me,1.0
58z9odzkFuph91CkBcmOzY,Deeper,4uMvvCwqs046uxyJiFJTT1,Forfeit. (ft. Lucky Daye),1.0
58z9odzkFuph91CkBcmOzY,Deeper,3ixt0k3COtat3YWQtoQMmN,Burn It Up,1.0
58z9odzkFuph91CkBcmOzY,Deeper,4CDIfDhXDeewj7x0U4AT4i,Natural,1.0
02gFgSPCOx4q306IAji6gt,Damage,4hT5mhLsU88gfHLp4NNLiP,Feel A Way.,1.0
02gFgSPCOx4q306IAji6gt,Damage,1VzRN9cI7H5NWILRuOXvz3,Bitter Bitch - INTROlude,1.0
02gFgSPCOx4q306IAji6gt,Damage,7hYec1vvRkr9EguGV1IBYH,Promise Me,1.0
02gFgSPCOx4q306IAji6gt,Damage,4uMvvCwqs046uxyJiFJTT1,Forfeit. (ft. Lucky Daye),1.0
02gFgSPCOx4q306IAji6gt,Damage,3ixt0k3COtat3YWQtoQMmN,Burn It Up,1.0
02gFgSPCOx4q306IAji6gt,Damage,4CDIfDhXDeewj7x0U4AT4i,Natural,1.0
3NaYHkZmo48PEkbRQMyXAT,LMK,4hT5mhLsU88gfHLp4NNLiP,Feel A Way.,1.0
3NaYHkZmo48PEkbRQMyXAT,LMK,1VzRN9cI7H5NWILRuOXvz3,Bitter Bitch - INTROlude,1.0
3NaYHkZmo48PEkbRQMyXAT,LMK,7hYec1vvRkr9EguGV1IBYH,Promise Me,1.0
3NaYHkZmo48PEkbRQMyXAT,LMK,4uMvvCwqs046uxyJiFJTT1,Forfeit. (ft. Lucky Daye),1.0
3NaYHkZmo48PEkbRQMyXAT,LMK,3ixt0k3COtat3YWQtoQMmN,Burn It Up,1.0
3NaYHkZmo48PEkbRQMyXAT,LMK,4CDIfDhXDeewj7x0U4AT4i,Natural,1.0
4CNzuSQoL5jgCxzYmuMvcz,Like It (with 6LACK),21nV7Brjy93nQPM98QwIfr,VELUDO MARROM,0.7
4CNzuSQoL5jgCxzYmuMvcz,Like It (with 6LACK),0SCIwbS0Q4etwJmDyNjHaQ,Diamond Boy (DTM),0.7
4CNzuSQoL5jgCxzYmuMvcz,Like It (with 6LACK),3U3hFkMr0Q90pD24EkE3Pr,BMF,0.7
4CNzuSQoL5jgCxzYmuMvcz,Like It (with 6LACK),6Ry9Jqt3riMhgX46T6XwdL,Baby 95,0.7
4CNzuSQoL5jgCxzYmuMvcz,Like It (with 6LACK),2phXJtsC5wgx8eUp1igDCi,Presente,0.7
4CNzuSQoL5jgCxzYmuMvcz,Like It (with 6LACK),1De7cOMrdUnVpjWBaowMg4,Ex For A Reason (with JT from City Girls),1.0
1Fraz3CzCuOULnToogIwWW,Bad News,0uDdI4fAXCuNhQbmxENdsO,Can I,1.0
1Fraz3CzCuOULnToogIwWW,Bad News,4k6hX9RKD096K1NCjjJZLc,Footsteps (feat. Musiq Soulchild),1.0
1Fraz3CzCuOULnToogIwWW,Bad News,0bxPRWprUVpQK0UFcddkrA,Folded,1.0
1VzRN9cI7H5NWILRuOXvz3,Bitter Bitch - INTROlude,4hT5mhLsU88gfHLp4NNLiP,Feel A Way.,1.0
1VzRN9cI7H5NWILRuOXvz3,Bitter Bitch - INTROlude,7hYec1vvRkr9EguGV1IBYH,Promise Me,1.0
1VzRN9cI7H5NWILRuOXvz3,Bitter Bitch - INTROlude,4uMvvCwqs046uxyJiFJTT1,Forfeit. (ft. Lucky Daye),1.0
1VzRN9cI7H5NWILRuOXvz3,Bitter Bitch - INTROlude,3ixt0k3COtat3YWQtoQMmN,Burn It Up,1.0
1VzRN9cI7H5NWILRuOXvz3,Bitter Bitch - INTROlude,4CDIfDhXDeewj7x0U4AT4i,Natural,1.0
7hYec1vvRkr9EguGV1IBYH,Promise Me,4hT5mhLsU88gfHLp4NNLiP,Feel A Way.,1.0
7hYec1vvRkr9EguGV1IBYH,Promise Me,4uMvvCwqs046uxyJiFJTT1,Forfeit. (ft. Lucky Daye),1.0
7hYec1vvRkr9EguGV1IBYH,Promise Me,3ixt0k3COtat3YWQtoQMmN,Burn It Up,1.0
7hYec1vvRkr9EguGV1IBYH,Promise Me,4CDIfDhXDeewj7x0U4AT4i,Natural,1.0
1dduMILdDnevJDX0I9IAhm,Gemini Slander,4hT5mhLsU88gfHLp4NNLiP,Feel A Way.,1.0
1dduMILdDnevJDX0I9IAhm,Gemini Slander,4uMvvCwqs046uxyJiFJTT1,Forfeit. (ft. Lucky Daye),1.0
1dduMILdDnevJDX0I9IAhm,Gemini Slander,3ixt0k3COtat3YWQtoQMmN,Burn It Up,1.0
1dduMILdDnevJDX0I9IAhm,Gemini Slander,4CDIfDhXDeewj7x0U4AT4i,Natural,1.0
1Qu24vc8msUVLcMZWa4k1x,Want U Around (feat. Ruel),21nV7Brjy93nQPM98QwIfr,VELUDO MARROM,0.7
1Qu24vc8msUVLcMZWa4k1x,Want U Around (feat. Ruel),0SCIwbS0Q4etwJmDyNjHaQ,Diamond Boy (DTM),0.7
1Qu24vc8msUVLcMZWa4k1x,Want U Around (feat. Ruel),3U3hFkMr0Q90pD24EkE3Pr,BMF,0.7
1Qu24vc8msUVLcMZWa4k1x,Want U Around (feat. Ruel),6Ry9Jqt3riMhgX46T6XwdL,Baby 95,0.7
1Qu24vc8msUVLcMZWa4k1x,Want U Around (feat. Ruel),6HDGusXxkSrxZ7iAKbc6eu,AMAReSÓ,0.7
1Qu24vc8msUVLcMZWa4k1x,Want U Around (feat. Ruel),6YaD8CoJIb0HGulK8n21RZ,Códigos,0.7
1Qu24vc8msUVLcMZWa4k1x,Want U Around (feat. Ruel),28QD38TKusAwVZ89kKlqrj,um amor calmo,0.7
1Qu24vc8msUVLcMZWa4k1x,Want U Around (feat. Ruel),0bxPRWprUVpQK0UFcddkrA,Folded,0.7
1Qu24vc8msUVLcMZWa4k1x,Want U Around (feat. Ruel),2saiiXH63lUebPVEFf0Ysa,CHARME,0.7
1Qu24vc8msUVLcMZWa4k1x,Want U Around (feat. Ruel),2phXJtsC5wgx8eUp1igDCi,Presente,0.7
3tZs3nVjySLbL320lP4mvs,Focus,3U3hFkMr0Q90pD24EkE3Pr,BMF,0.7
3tZs3nVjySLbL320lP4mvs,Focus,0SCIwbS0Q4etwJmDyNjHaQ,Diamond Boy (DTM),0.7
3tZs3nVjySLbL320lP4mvs,Focus,6Ry9Jqt3riMhgX46T6XwdL,Baby 95,0.7
3tZs3nVjySLbL320lP4mvs,Focus,6HDGusXxkSrxZ7iAKbc6eu,AMAReSÓ,0.7
3tZs3nVjySLbL320lP4mvs,Focus,2phXJtsC5wgx8eUp1igDCi,Presente,0.7
3tZs3nVjySLbL320lP4mvs,Focus,6YaD8CoJIb0HGulK8n21RZ,Códigos,0.7
3tZs3nVjySLbL320lP4mvs,Focus,28QD38TKusAwVZ89kKlqrj,um amor calmo,0.7
3tZs3nVjySLbL320lP4mvs,Focus,0bxPRWprUVpQK0UFcddkrA,Folded,0.7
3tZs3nVjySLbL320lP4mvs,Focus,3krZxyBsWEHfEfJegYaWTd,Come Through (feat. Chris Brown),1.0
1De7cOMrdUnVpjWBaowMg4,Ex For A Reason (with JT from City Girls),21nV7Brjy93nQPM98QwIfr,VELUDO MARROM,0.7
1De7cOMrdUnVpjWBaowMg4,Ex For A Reason (with JT from City Girls),0SCIwbS0Q4etwJmDyNjHaQ,Diamond Boy (DTM),0.7
1De7cOMrdUnVpjWBaowMg4,Ex For A Reason (with JT from City Girls),3U3hFkMr0Q90pD24EkE3Pr,BMF,0.7
1De7cOMrdUnVpjWBaowMg4,Ex For A Reason (with JT from City Girls),6Ry9Jqt3riMhgX46T6XwdL,Baby 95,0.7
1De7cOMrdUnVpjWBaowMg4,Ex For A Reason (with JT from City Girls),2phXJtsC5wgx8eUp1igDCi,Presente,0.7
4hT5mhLsU88gfHLp4NNLiP,Feel A Way.,4uMvvCwqs046uxyJiFJTT1,Forfeit. (ft. Lucky Daye),1.0
4hT5mhLsU88gfHLp4NNLiP,Feel A Way.,3ixt0k3COtat3YWQtoQMmN,Burn It Up,1.0
4hT5mhLsU88gfHLp4NNLiP,Feel A Way.,4CDIfDhXDeewj7x0U4AT4i,Natural,1.0
1OZKWxWTMPjU2ih42LGLhM,Trust Issues,21nV7Brjy93nQPM98QwIfr,VELUDO MARROM,0.7
1OZKWxWTMPjU2ih42LGLhM,Trust Issues,0SCIwbS0Q4etwJmDyNjHaQ,Diamond Boy (DTM),0.7
1OZKWxWTMPjU2ih42LGLhM,Trust Issues,3U3hFkMr0Q90pD24EkE3Pr,BMF,0.7
1OZKWxWTMPjU2ih42LGLhM,Trust Issues,6Ry9Jqt3riMhgX46T6XwdL,Baby 95,0.7
1OZKWxWTMPjU2ih42LGLhM,Trust Issues,6HDGusXxkSrxZ7iAKbc6eu,AMAReSÓ,0.7
1OZKWxWTMPjU2ih42LGLhM,Trust Issues,6YaD8CoJIb0HGulK8n21RZ,Códigos,0.7
1OZKWxWTMPjU2ih42LGLhM,Trust Issues,28QD38TKusAwVZ89kKlqrj,um amor calmo,0.7
1OZKWxWTMPjU2ih42LGLhM,Trust Issues,0bxPRWprUVpQK0UFcddkrA,Folded,0.7
1OZKWxWTMPjU2ih42LGLhM,Trust Issues,2saiiXH63lUebPVEFf0Ysa,CHARME,0.7
1OZKWxWTMPjU2ih42LGLhM,Trust Issues,2phXJtsC5wgx8eUp1igDCi,Presente,0.7
73mtUJm1RDa0SEW3KL4ePU,Fallen Angel,1liiwnCXoqwPVrC0LWxaYq,Hearts On Deck,1.0
7pgbDdy7ax962o9d2xJceV,Slow Dancing (Piano Ver.),21nV7Brjy93nQPM98QwIfr,VELUDO MARROM,0.7
7pgbDdy7ax962o9d2xJceV,Slow Dancing (Piano Ver.),0SCIwbS0Q4etwJmDyNjHaQ,Diamond Boy (DTM),0.7
7pgbDdy7ax962o9d2xJceV,Slow Dancing (Piano Ver.),3U3hFkMr0Q90pD24EkE3Pr,BMF,0.7
7pgbDdy7ax962o9d2xJceV,Slow Dancing (Piano Ver.),6Ry9Jqt3riMhgX46T6XwdL,Baby 95,0.7
7pgbDdy7ax962o9d2xJceV,Slow Dancing (Piano Ver.),2saiiXH63lUebPVEFf0Ysa,CHARME,0.7
7pgbDdy7ax962o9d2xJceV,Slow Dancing (Piano Ver.),2phXJtsC5wgx8eUp1igDCi,Presente,0.7
5aUSEPNd3m5xliFK4pn5mU,Good Thing (with Kehlani),21nV7Brjy93nQPM98QwIfr,VELUDO MARROM,0.7
5aUSEPNd3m5xliFK4pn5mU,Good Thing (with Kehlani),0SCIwbS0Q4etwJmDyNjHaQ,Diamond Boy (DTM),0.7
5aUSEPNd3m5xliFK4pn5mU,Good Thing (with Kehlani),3U3hFkMr0Q90pD24EkE3Pr,BMF,0.7
5aUSEPNd3m5xliFK4pn5mU,Good Thing (with Kehlani),6Ry9Jqt3riMhgX46T6XwdL,Baby 95,0.7
5aUSEPNd3m5xliFK4pn5mU,Good Thing (with Kehlani),6HDGusXxkSrxZ7iAKbc6eu,AMAReSÓ,0.7
5aUSEPNd3m5xliFK4pn5mU,Good Thing (with Kehlani),6YaD8CoJIb0HGulK8n21RZ,Códigos,0.7
5aUSEPNd3m5xliFK4pn5mU,Good Thing (with Kehlani),28QD38TKusAwVZ89kKlqrj,um amor calmo,0.7
5aUSEPNd3m5xliFK4pn5mU,Good Thing (with Kehlani),0bxPRWprUVpQK0UFcddkrA,Folded,0.7
5aUSEPNd3m5xliFK4pn5mU,Good Thing (with Kehlani),2saiiXH63lUebPVEFf0Ysa,CHARME,0.7
5aUSEPNd3m5xliFK4pn5mU,Good Thing (with Kehlani),2phXJtsC5wgx8eUp1igDCi,Presente,0.7
6PUcucXjfFBZoDdEovYfmm,rightontime,6Ry9Jqt3riMhgX46T6XwdL,Baby 95,0.7
6PUcucXjfFBZoDdEovYfmm,rightontime,28QD38TKusAwVZ89kKlqrj,um amor calmo,0.7
6PUcucXjfFBZoDdEovYfmm,rightontime,6YaD8CoJIb0HGulK8n21RZ,Códigos,0.7
6PUcucXjfFBZoDdEovYfmm,rightontime,6HDGusXxkSrxZ7iAKbc6eu,AMAReSÓ,0.7
6PUcucXjfFBZoDdEovYfmm,rightontime,0bxPRWprUVpQK0UFcddkrA,Folded,0.7
6PUcucXjfFBZoDdEovYfmm,rightontime,5pJdqRR48uFrq1C6Z6Cvjm,Say Less,1.0
6PUcucXjfFBZoDdEovYfmm,rightontime,4qrCMSDCJQu5yo0OeTc9jh,voicemail,1.0
6PUcucXjfFBZoDdEovYfmm,rightontime,4MdYt1MK3nwqdrf80anjEQ,l'olympia,1.0
4MdYt1MK3nwqdrf80anjEQ,l'olympia,6Ry9Jqt3riMhgX46T6XwdL,Baby 95,0.7
4MdYt1MK3nwqdrf80anjEQ,l'olympia,28QD38TKusAwVZ89kKlqrj,um amor calmo,0.7
4MdYt1MK3nwqdrf80anjEQ,l'olympia,6YaD8CoJIb0HGulK8n21RZ,Códigos,0.7
4MdYt1MK3nwqdrf80anjEQ,l'olympia,6HDGusXxkSrxZ7iAKbc6eu,AMAReSÓ,0.7
4MdYt1MK3nwqdrf80anjEQ,l'olympia,0bxPRWprUVpQK0UFcddkrA,Folded,0.7
4MdYt1MK3nwqdrf80anjEQ,l'olympia,5pJdqRR48uFrq1C6Z6Cvjm,Say Less,1.0
4MdYt1MK3nwqdrf80anjEQ,l'olympia,4qrCMSDCJQu5yo0OeTc9jh,voicemail,1.0
426h8S29B034vwwX3uINvg,BACARDI,0bxPRWprUVpQK0UFcddkrA,Folded,0.7
426h8S29B034vwwX3uINvg,BACARDI,6l82v8lFlguhAHNQrI80iU,Corações de Pedra,1.0
426h8S29B034vwwX3uINvg,BACARDI,5BcKtF6LS3lkrByxsuew70,Amor Traumatizado,1.0
426h8S29B034vwwX3uINvg,BACARDI,5qDsS7CUDMuHheybuyaUub,1697,1.0
426h8S29B034vwwX3uINvg,BACARDI,6HDGusXxkSrxZ7iAKbc6eu,AMAReSÓ,1.0
426h8S29B034vwwX3uINvg,BACARDI,28QD38TKusAwVZ89kKlqrj,um amor calmo,1.0
426h8S29B034vwwX3uINvg,BACARDI,6YaD8CoJIb0HGulK8n21RZ,Códigos,1.0
7nSataGo54Le0IfcFQCFLN,Love Love,21nV7Brjy93nQPM98QwIfr,VELUDO MARROM,0.7
7nSataGo54Le0IfcFQCFLN,Love Love,0SCIwbS0Q4etwJmDyNjHaQ,Diamond Boy (DTM),0.7
7nSataGo54Le0IfcFQCFLN,Love Love,3U3hFkMr0Q90pD24EkE3Pr,BMF,0.7
7nSataGo54Le0IfcFQCFLN,Love Love,6Ry9Jqt3riMhgX46T6XwdL,Baby 95,0.7
7nSataGo54Le0IfcFQCFLN,Love Love,6HDGusXxkSrxZ7iAKbc6eu,AMAReSÓ,0.7
7nSataGo54Le0IfcFQCFLN,Love Love,6YaD8CoJIb0HGulK8n21RZ,Códigos,0.7
7nSataGo54Le0IfcFQCFLN,Love Love,28QD38TKusAwVZ89kKlqrj,um amor calmo,0.7
7nSataGo54Le0IfcFQCFLN,Love Love,0bxPRWprUVpQK0UFcddkrA,Folded,0.7
7nSataGo54Le0IfcFQCFLN,Love Love,2saiiXH63lUebPVEFf0Ysa,CHARME,0.7
7nSataGo54Le0IfcFQCFLN,Love Love,2phXJtsC5wgx8eUp1igDCi,Presente,0.7
5pJdqRR48uFrq1C6Z6Cvjm,Say Less,6Ry9Jqt3riMhgX46T6XwdL,Baby 95,0.7
5pJdqRR48uFrq1C6Z6Cvjm,Say Less,28QD38TKusAwVZ89kKlqrj,um amor calmo,0.7
5pJdqRR48uFrq1C6Z6Cvjm,Say Less,6YaD8CoJIb0HGulK8n21RZ,Códigos,0.7
5pJdqRR48uFrq1C6Z6Cvjm,Say Less,6HDGusXxkSrxZ7iAKbc6eu,AMAReSÓ,0.7
5pJdqRR48uFrq1C6Z6Cvjm,Say Less,0bxPRWprUVpQK0UFcddkrA,Folded,0.7
5pJdqRR48uFrq1C6Z6Cvjm,Say Less,4qrCMSDCJQu5yo0OeTc9jh,voicemail,1.0
2OdHk6zolfdFNuIcV4eamx,hedonista,21nV7Brjy93nQPM98QwIfr,VELUDO MARROM,0.7
2OdHk6zolfdFNuIcV4eamx,hedonista,0SCIwbS0Q4etwJmDyNjHaQ,Diamond Boy (DTM),0.7
2OdHk6zolfdFNuIcV4eamx,hedonista,3U3hFkMr0Q90pD24EkE3Pr,BMF,0.7
2OdHk6zolfdFNuIcV4eamx,hedonista,6Ry9Jqt3riMhgX46T6XwdL,Baby 95,0.7
2OdHk6zolfdFNuIcV4eamx,hedonista,2saiiXH63lUebPVEFf0Ysa,CHARME,0.7
2OdHk6zolfdFNuIcV4eamx,hedonista,6YaD8CoJIb0HGulK8n21RZ,Códigos,0.7
2OdHk6zolfdFNuIcV4eamx,hedonista,28QD38TKusAwVZ89kKlqrj,um amor calmo,0.7
2OdHk6zolfdFNuIcV4eamx,hedonista,0bxPRWprUVpQK0UFcddkrA,Folded,0.7
2OdHk6zolfdFNuIcV4eamx,hedonista,2phXJtsC5wgx8eUp1igDCi,Presente,0.7
3krZxyBsWEHfEfJegYaWTd,Come Through (feat. Chris Brown),21nV7Brjy93nQPM98QwIfr,VELUDO MARROM,0.7
3krZxyBsWEHfEfJegYaWTd,Come Through (feat. Chris Brown),0SCIwbS0Q4etwJmDyNjHaQ,Diamond Boy (DTM),0.7
3krZxyBsWEHfEfJegYaWTd,Come Through (feat. Chris Brown),3U3hFkMr0Q90pD24EkE3Pr,BMF,0.7
3krZxyBsWEHfEfJegYaWTd,Come Through (feat. Chris Brown),6Ry9Jqt3riMhgX46T6XwdL,Baby 95,0.7
3krZxyBsWEHfEfJegYaWTd,Come Through (feat. Chris Brown),2saiiXH63lUebPVEFf0Ysa,CHARME,0.7
3krZxyBsWEHfEfJegYaWTd,Come Through (feat. Chris Brown),2phXJtsC5wgx8eUp1igDCi,Presente,0.7
3krZxyBsWEHfEfJegYaWTd,Come Through (feat. Chris Brown),28QD38TKusAwVZ89kKlqrj,um amor calmo,0.7
3krZxyBsWEHfEfJegYaWTd,Come Through (feat. Chris Brown),0bxPRWprUVpQK0UFcddkrA,Folded,0.7
54XqJ3fP3GxmUejMsKwCaK,One Of The Girls,21nV7Brjy93nQPM98QwIfr,VELUDO MARROM,0.7
54XqJ3fP3GxmUejMsKwCaK,One Of The Girls,0SCIwbS0Q4etwJmDyNjHaQ,Diamond Boy (DTM),0.7
54XqJ3fP3GxmUejMsKwCaK,One Of The Girls,3U3hFkMr0Q90pD24EkE3Pr,BMF,0.7
54XqJ3fP3GxmUejMsKwCaK,One Of The Girls,6Ry9Jqt3riMhgX46T6XwdL,Baby 95,0.7
54XqJ3fP3GxmUejMsKwCaK,One Of The Girls,6HDGusXxkSrxZ7iAKbc6eu,AMAReSÓ,0.7
54XqJ3fP3GxmUejMsKwCaK,One Of The Girls,6YaD8CoJIb0HGulK8n21RZ,Códigos,0.7
54XqJ3fP3GxmUejMsKwCaK,One Of The Girls,28QD38TKusAwVZ89kKlqrj,um amor calmo,0.7
54XqJ3fP3GxmUejMsKwCaK,One Of The Girls,0bxPRWprUVpQK0UFcddkrA,Folded,0.7
54XqJ3fP3GxmUejMsKwCaK,One Of The Girls,2saiiXH63lUebPVEFf0Ysa,CHARME,0.7
54XqJ3fP3GxmUejMsKwCaK,One Of The Girls,2phXJtsC5wgx8eUp1igDCi,Presente,0.7
1826XXl1rbdbhFk5xdnXNA,That's Why I Love You,21nV7Brjy93nQPM98QwIfr,VELUDO MARROM,0.7
1826XXl1rbdbhFk5xdnXNA,That's Why I Love You,0SCIwbS0Q4etwJmDyNjHaQ,Diamond Boy (DTM),0.7
1826XXl1rbdbhFk5xdnXNA,That's Why I Love You,3U3hFkMr0Q90pD24EkE3Pr,BMF,0.7
1826XXl1rbdbhFk5xdnXNA,That's Why I Love You,6Ry9Jqt3riMhgX46T6XwdL,Baby 95,0.7
1826XXl1rbdbhFk5xdnXNA,That's Why I Love You,6HDGusXxkSrxZ7iAKbc6eu,AMAReSÓ,0.7
1826XXl1rbdbhFk5xdnXNA,That's Why I Love You,6YaD8CoJIb0HGulK8n21RZ,Códigos,0.7
1826XXl1rbdbhFk5xdnXNA,That's Why I Love You,28QD38TKusAwVZ89kKlqrj,um amor calmo,0.7
1826XXl1rbdbhFk5xdnXNA,That's Why I Love You,0bxPRWprUVpQK0UFcddkrA,Folded,0.7
1826XXl1rbdbhFk5xdnXNA,That's Why I Love You,2saiiXH63lUebPVEFf0Ysa,CHARME,0.7
1826XXl1rbdbhFk5xdnXNA,That's Why I Love You,2phXJtsC5wgx8eUp1igDCi,Presente,0.7
5DfWF0jqMgZDCiu9zJENTA,Ring (feat. Kehlani),21nV7Brjy93nQPM98QwIfr,VELUDO MARROM,0.7
5DfWF0jqMgZDCiu9zJENTA,Ring (feat. Kehlani),0SCIwbS0Q4etwJmDyNjHaQ,Diamond Boy (DTM),0.7
5DfWF0jqMgZDCiu9zJENTA,Ring (feat. Kehlani),3U3hFkMr0Q90pD24EkE3Pr,BMF,0.7
5DfWF0jqMgZDCiu9zJENTA,Ring (feat. Kehlani),6Ry9Jqt3riMhgX46T6XwdL,Baby 95,0.7
5DfWF0jqMgZDCiu9zJENTA,Ring (feat. Kehlani),6HDGusXxkSrxZ7iAKbc6eu,AMAReSÓ,0.7
5DfWF0jqMgZDCiu9zJENTA,Ring (feat. Kehlani),6YaD8CoJIb0HGulK8n21RZ,Códigos,0.7
5DfWF0jqMgZDCiu9zJENTA,Ring (feat. Kehlani),28QD38TKusAwVZ89kKlqrj,um amor calmo,0.7
5DfWF0jqMgZDCiu9zJENTA,Ring (feat. Kehlani),0bxPRWprUVpQK0UFcddkrA,Folded,0.7
5DfWF0jqMgZDCiu9zJENTA,Ring (feat. Kehlani),2saiiXH63lUebPVEFf0Ysa,CHARME,0.7
5DfWF0jqMgZDCiu9zJENTA,Ring (feat. Kehlani),2phXJtsC5wgx8eUp1igDCi,Presente,0.7
3JXF3LsUjyDIHjuwhXxdjo,Sweetest Pie,3U3hFkMr0Q90pD24EkE3Pr,BMF,0.7
3JXF3LsUjyDIHjuwhXxdjo,Sweetest Pie,0SCIwbS0Q4etwJmDyNjHaQ,Diamond Boy (DTM),0.7
3JXF3LsUjyDIHjuwhXxdjo,Sweetest Pie,6Ry9Jqt3riMhgX46T6XwdL,Baby 95,0.7
3JXF3LsUjyDIHjuwhXxdjo,Sweetest Pie,6HDGusXxkSrxZ7iAKbc6eu,AMAReSÓ,0.7
3JXF3LsUjyDIHjuwhXxdjo,Sweetest Pie,2phXJtsC5wgx8eUp1igDCi,Presente,0.7
3JXF3LsUjyDIHjuwhXxdjo,Sweetest Pie,6YaD8CoJIb0HGulK8n21RZ,Códigos,0.7
3JXF3LsUjyDIHjuwhXxdjo,Sweetest Pie,28QD38TKusAwVZ89kKlqrj,um amor calmo,0.7
3JXF3LsUjyDIHjuwhXxdjo,Sweetest Pie,0bxPRWprUVpQK0UFcddkrA,Folded,0.7
3JXF3LsUjyDIHjuwhXxdjo,Sweetest Pie,7jmCOpVgNsBddpmWAfYJGX,Red Wine,1.0
7jmCOpVgNsBddpmWAfYJGX,Red Wine,3U3hFkMr0Q90pD24EkE3Pr,BMF,0.7
7jmCOpVgNsBddpmWAfYJGX,Red Wine,0SCIwbS0Q4etwJmDyNjHaQ,Diamond Boy (DTM),0.7
7jmCOpVgNsBddpmWAfYJGX,Red Wine,6Ry9Jqt3riMhgX46T6XwdL,Baby 95,0.7
7jmCOpVgNsBddpmWAfYJGX,Red Wine,6HDGusXxkSrxZ7iAKbc6eu,AMAReSÓ,0.7
7jmCOpVgNsBddpmWAfYJGX,Red Wine,2phXJtsC5wgx8eUp1igDCi,Presente,0.7
7jmCOpVgNsBddpmWAfYJGX,Red Wine,6YaD8CoJIb0HGulK8n21RZ,Códigos,0.7
7jmCOpVgNsBddpmWAfYJGX,Red Wine,28QD38TKusAwVZ89kKlqrj,um amor calmo,0.7
7jmCOpVgNsBddpmWAfYJGX,Red Wine,0bxPRWprUVpQK0UFcddkrA,Folded,0.7
0uDdI4fAXCuNhQbmxENdsO,Can I,4k6hX9RKD096K1NCjjJZLc,Footsteps (feat. Musiq Soulchild),1.0
0uDdI4fAXCuNhQbmxENdsO,Can I,0bxPRWprUVpQK0UFcddkrA,Folded,1.0
0755vnFQZLSgHHWbR1qCjY,Rocket,21nV7Brjy93nQPM98QwIfr,VELUDO MARROM,0.7
0755vnFQZLSgHHWbR1qCjY,Rocket,0SCIwbS0Q4etwJmDyNjHaQ,Diamond Boy (DTM),0.7
0755vnFQZLSgHHWbR1qCjY,Rocket,3U3hFkMr0Q90pD24EkE3Pr,BMF,0.7
0755vnFQZLSgHHWbR1qCjY,Rocket,6Ry9Jqt3riMhgX46T6XwdL,Baby 95,0.7
0755vnFQZLSgHHWbR1qCjY,Rocket,2saiiXH63lUebPVEFf0Ysa,CHARME,0.7
0755vnFQZLSgHHWbR1qCjY,Rocket,2phXJtsC5wgx8eUp1igDCi,Presente,0.7
0755vnFQZLSgHHWbR1qCjY,Rocket,28QD38TKusAwVZ89kKlqrj,um amor calmo,0.7
0755vnFQZLSgHHWbR1qCjY,Rocket,0bxPRWprUVpQK0UFcddkrA,Folded,0.7
6jTQijAuYxOd8DjQ8D6UkL,What Do I Do,1bjeWoagtHmUKputLVyDxQ,Saturn,1.0
6jTQijAuYxOd8DjQ8D6UkL,What Do I Do,5wTVNpi5WDByxBgKgUE6MU,Supermodel,1.0
6jTQijAuYxOd8DjQ8D6UkL,What Do I Do,3U3hFkMr0Q90pD24EkE3Pr,BMF,1.0
6jTQijAuYxOd8DjQ8D6UkL,What Do I Do,0SCIwbS0Q4etwJmDyNjHaQ,Diamond Boy (DTM),1.0
5qDsS7CUDMuHheybuyaUub,1697,0bxPRWprUVpQK0UFcddkrA,Folded,0.7
5qDsS7CUDMuHheybuyaUub,1697,6l82v8lFlguhAHNQrI80iU,Corações de Pedra,1.0
5qDsS7CUDMuHheybuyaUub,1697,5BcKtF6LS3lkrByxsuew70,Amor Traumatizado,1.0
5qDsS7CUDMuHheybuyaUub,1697,6HDGusXxkSrxZ7iAKbc6eu,AMAReSÓ,1.0
5qDsS7CUDMuHheybuyaUub,1697,28QD38TKusAwVZ89kKlqrj,um amor calmo,1.0
5qDsS7CUDMuHheybuyaUub,1697,6YaD8CoJIb0HGulK8n21RZ,Códigos,1.0
6l82v8lFlguhAHNQrI80iU,Corações de Pedra,0bxPRWprUVpQK0UFcddkrA,Folded,0.7
6l82v8lFlguhAHNQrI80iU,Corações de Pedra,5BcKtF6LS3lkrByxsuew70,Amor Traumatizado,1.0
6l82v8lFlguhAHNQrI80iU,Corações de Pedra,6HDGusXxkSrxZ7iAKbc6eu,AMAReSÓ,1.0
6l82v8lFlguhAHNQrI80iU,Corações de Pedra,28QD38TKusAwVZ89kKlqrj,um amor calmo,1.0
6l82v8lFlguhAHNQrI80iU,Corações de Pedra,6YaD8CoJIb0HGulK8n21RZ,Códigos,1.0
5BcKtF6LS3lkrByxsuew70,Amor Traumatizado,0bxPRWprUVpQK0UFcddkrA,Folded,0.7
5BcKtF6LS3lkrByxsuew70,Amor Traumatizado,6HDGusXxkSrxZ7iAKbc6eu,AMAReSÓ,1.0
5BcKtF6LS3lkrByxsuew70,Amor Traumatizado,28QD38TKusAwVZ89kKlqrj,um amor calmo,1.0
5BcKtF6LS3lkrByxsuew70,Amor Traumatizado,6YaD8CoJIb0HGulK8n21RZ,Códigos,1.0
1bjeWoagtHmUKputLVyDxQ,Saturn,5wTVNpi5WDByxBgKgUE6MU,Supermodel,1.0
1bjeWoagtHmUKputLVyDxQ,Saturn,3U3hFkMr0Q90pD24EkE3Pr,BMF,1.0
1bjeWoagtHmUKputLVyDxQ,Saturn,0SCIwbS0Q4etwJmDyNjHaQ,Diamond Boy (DTM),1.0
4qrCMSDCJQu5yo0OeTc9jh,voicemail,6Ry9Jqt3riMhgX46T6XwdL,Baby 95,0.7
4qrCMSDCJQu5yo0OeTc9jh,voicemail,28QD38TKusAwVZ89kKlqrj,um amor calmo,0.7
4qrCMSDCJQu5yo0OeTc9jh,voicemail,6YaD8CoJIb0HGulK8n21RZ,Códigos,0.7
4qrCMSDCJQu5yo0OeTc9jh,voicemail,6HDGusXxkSrxZ7iAKbc6eu,AMAReSÓ,0.7
4qrCMSDCJQu5yo0OeTc9jh,voicemail,0bxPRWprUVpQK0UFcddkrA,Folded,0.7
5wTVNpi5WDByxBgKgUE6MU,Supermodel,3U3hFkMr0Q90pD24EkE3Pr,BMF,1.0
5wTVNpi5WDByxBgKgUE6MU,Supermodel,0SCIwbS0Q4etwJmDyNjHaQ,Diamond Boy (DTM),1.0
4uMvvCwqs046uxyJiFJTT1,Forfeit. (ft. Lucky Daye),3ixt0k3COtat3YWQtoQMmN,Burn It Up,1.0
4uMvvCwqs046uxyJiFJTT1,Forfeit. (ft. Lucky Daye),4CDIfDhXDeewj7x0U4AT4i,Natural,1.0
4k6hX9RKD096K1NCjjJZLc,Footsteps (feat. Musiq Soulchild),0bxPRWprUVpQK0UFcddkrA,Folded,1.0
4CDIfDhXDeewj7x0U4AT4i,Natural,3ixt0k3COtat3YWQtoQMmN,Burn It Up,1.0
6iBMj762l27f5fH6E1PUHE,TUDO,3U3hFkMr0Q90pD24EkE3Pr,BMF,0.7
6iBMj762l27f5fH6E1PUHE,TUDO,28QD38TKusAwVZ89kKlqrj,um amor calmo,0.7
6iBMj762l27f5fH6E1PUHE,TUDO,6YaD8CoJIb0HGulK8n21RZ,Códigos,0.7
6iBMj762l27f5fH6E1PUHE,TUDO,6HDGusXxkSrxZ7iAKbc6eu,AMAReSÓ,0.7
6iBMj762l27f5fH6E1PUHE,TUDO,0bxPRWprUVpQK0UFcddkrA,Folded,0.7
6iBMj762l27f5fH6E1PUHE,TUDO,6Ry9Jqt3riMhgX46T6XwdL,Baby 95,1.0
6iBMj762l27f5fH6E1PUHE,TUDO,7tmvvRmUqzCRjRx9ub8K7i,CAJU,1.0
6iBMj762l27f5fH6E1PUHE,TUDO,21nV7Brjy93nQPM98QwIfr,VELUDO MARROM,1.0
6iBMj762l27f5fH6E1PUHE,TUDO,2saiiXH63lUebPVEFf0Ysa,CHARME,1.0
6iBMj762l27f5fH6E1PUHE,TUDO,2phXJtsC5wgx8eUp1igDCi,Presente,1.0
7tmvvRmUqzCRjRx9ub8K7i,CAJU,3U3hFkMr0Q90pD24EkE3Pr,BMF,0.7
7tmvvRmUqzCRjRx9ub8K7i,CAJU,28QD38TKusAwVZ89kKlqrj,um amor calmo,0.7
7tmvvRmUqzCRjRx9ub8K7i,CAJU,6YaD8CoJIb0HGulK8n21RZ,Códigos,0.7
7tmvvRmUqzCRjRx9ub8K7i,CAJU,6HDGusXxkSrxZ7iAKbc6eu,AMAReSÓ,0.7
7tmvvRmUqzCRjRx9ub8K7i,CAJU,0bxPRWprUVpQK0UFcddkrA,Folded,0.7
7tmvvRmUqzCRjRx9ub8K7i,CAJU,6Ry9Jqt3riMhgX46T6XwdL,Baby 95,1.0
7tmvvRmUqzCRjRx9ub8K7i,CAJU,21nV7Brjy93nQPM98QwIfr,VELUDO MARROM,1.0
7tmvvRmUqzCRjRx9ub8K7i,CAJU,2saiiXH63lUebPVEFf0Ysa,CHARME,1.0
7tmvvRmUqzCRjRx9ub8K7i,CAJU,2phXJtsC5wgx8eUp1igDCi,Presente,1.0
21nV7Brjy93nQPM98QwIfr,VELUDO MARROM,3U3hFkMr0Q90pD24EkE3Pr,BMF,0.7
21nV7Brjy93nQPM98QwIfr,VELUDO MARROM,28QD38TKusAwVZ89kKlqrj,um amor calmo,0.7
21nV7Brjy93nQPM98QwIfr,VELUDO MARROM,6YaD8CoJIb0HGulK8n21RZ,Códigos,0.7
21nV7Brjy93nQPM98QwIfr,VELUDO MARROM,6HDGusXxkSrxZ7iAKbc6eu,AMAReSÓ,0.7
21nV7Brjy93nQPM98QwIfr,VELUDO MARROM,0bxPRWprUVpQK0UFcddkrA,Folded,0.7
21nV7Brjy93nQPM98QwIfr,VELUDO MARROM,6Ry9Jqt3riMhgX46T6XwdL,Baby 95,1.0
21nV7Brjy93nQPM98QwIfr,VELUDO MARROM,2saiiXH63lUebPVEFf0Ysa,CHARME,1.0
21nV7Brjy93nQPM98QwIfr,VELUDO MARROM,2phXJtsC5wgx8eUp1igDCi,Presente,1.0
0SCIwbS0Q4etwJmDyNjHaQ,Diamond Boy (DTM),3U3hFkMr0Q90pD24EkE3Pr,BMF,1.0
6Ry9Jqt3riMhgX46T6XwdL,Baby 95,28QD38TKusAwVZ89kKlqrj,um amor calmo,0.7
6Ry9Jqt3riMhgX46T6XwdL,Baby 95,6YaD8CoJIb0HGulK8n21RZ,Códigos,0.7
6Ry9Jqt3riMhgX46T6XwdL,Baby 95,6HDGusXxkSrxZ7iAKbc6eu,AMAReSÓ,0.7
6Ry9Jqt3riMhgX46T6XwdL,Baby 95,0bxPRWprUVpQK0UFcddkrA,Folded,0.7
6Ry9Jqt3riMhgX46T6XwdL,Baby 95,2saiiXH63lUebPVEFf0Ysa,CHARME,1.0
6Ry9Jqt3riMhgX46T6XwdL,Baby 95,2phXJtsC5wgx8eUp1igDCi,Presente,1.0
6HDGusXxkSrxZ7iAKbc6eu,AMAReSÓ,28QD38TKusAwVZ89kKlqrj,um amor calmo,1.0
6HDGusXxkSrxZ7iAKbc6eu,AMAReSÓ,6YaD8CoJIb0HGulK8n21RZ,Códigos,1.0
6YaD8CoJIb0HGulK8n21RZ,Códigos,28QD38TKusAwVZ89kKlqrj,um amor calmo,1.0
2saiiXH63lUebPVEFf0Ysa,CHARME,2phXJtsC5wgx8eUp1igDCi,Presente,1.0
